SITE_CURRENCY,$
START_TRADING,"Start Trading"
Login,Login
"Trading password is wrong!","Please check your fund password"
VOL,Vol
NEW_PWD_CANT_BE_SAME_AS_FUND_PASS,"New password cant be same as Fund Password"
GOOGLE_AUTHENTICATOR,"Google 2FA"
"Use your Google Authenticator or Authy app","Use your Google Authenticator or Authy app"
Authenticate,Authenticate
Enter_2FA_Code,"Enter 2FA Code"
ENTER_COIN_QTY_BUY,"Coin Qty want to Buy"
ENTER_COIN_QTY_SALE,"Coin Qty want to Sale"
_MODULE_NOT_EXIST_,"Module can't be loaded"
_CONTROLLER_NOT_EXIST_,"Controller can't be loaded"
_ERROR_ACTION_,"Illegal Action"
_LANGUAGE_NOT_LOAD_,"Can't load language package"
_TEMPLATE_NOT_EXIST_,"Template doesn't exist"
_MODULE_,Module
_ACTION_,Action
_MODEL_NOT_EXIST_,"Model can't be loaded"
_VALID_ACCESS_,"No access"
_XML_TAG_ERROR_,"XML tag syntax errors"
_DATA_TYPE_INVALID_,"Illegal data objects!"
_OPERATION_WRONG_,"Operation error occurs"
_NOT_LOAD_DB_,"Unable to load the database"
_NO_DB_DRIVER_,"Unable to load database driver"
_NOT_SUPPORT_DB_,"The system is temporarily not support database"
_NO_DB_CONFIG_,"Not define the database configuration"
_NOT_SUPPORT_,"The system does not support"
_CACHE_TYPE_INVALID_,"Unable to load the cache type"
_FILE_NOT_WRITABLE_,"Directory (file) is not writable"
_METHOD_NOT_EXIST_,"The method you requested  does not exist!"
_CLASS_NOT_EXIST_,"Instantiating a class does not exist!"
_CLASS_CONFLICT_,"Class name conflicts"
_TEMPLATE_ERROR_,"Template Engine errors"
_CACHE_WRITE_ERROR_,"Cache file write failed!"
_TAGLIB_NOT_EXIST_,"Tag library is not defined"
_OPERATION_FAIL_,"Operation failed!"
_OPERATION_SUCCESS_,"Operation succeed!"
_SELECT_NOT_EXIST_,"Record does not exist!"
_EXPRESS_ERROR_,"Expression errors"
_TOKEN_ERROR_,"Form's token errors"
_RECORD_HAS_UPDATE_,"Record has been updated"
_NOT_ALLOW_PHP_,"PHP codes are not allowed in the template"
_PARAM_ERROR_,"Parameter error or undefined"
_ERROR_QUERY_EXPRESS_,"Query express error"
NO_WARRANTY_LIABLITY_WARNING,"Net assets of only digital enthusiasts to provide a free online exchange platform, the investment value of the currency does not undertake any review, warranty, liability, you need to assume full responsibility for their investment losses, if you can not accept, please do not Trading! Thank you!"
2FO_OPT_ADVICE,"After the two-factor authentication function to open an account, each time you withdraw cash operation, the system will prompt you to enter a one-time password displayed on the mobile app, to ensure your financial security. You can enable this feature and set up in accordance with the following procedure."
IF_YOU_HAVE_ALTERED_THE_DATABA,"If you have altered the database, manually check the following database changes, such as conflict, your own modified database, if you find problems after upgrading, please retrieve the backup file, and restore the database backup."
RISK_WARNING_TRADING_BITCOIN,"Risk Warning: Trading Bitcoin and other digital assets with high risk (pre-dig, spike, making manipulation, the team disbanded, technical defects, etc.), according to the State five ministries  on guard against the risk of Bitcoin notice , the amount of"
TRADING_PLATFORM_ONLY_DIGITAL_,"Trading platform only digital currency enthusiasts to provide a free online exchange platform, the investment value of the currency does not undertake any review, warranty, liability, and if you can not accept, please do not trade!"
DIGITAL_CURRENCY_TRADING_IS_VE,"Digital currency trading is very risky (pre-dig, spike, making manipulation, the team disbanded, technical defects, etc.), delivery address:"
FOR_THE_CONFLICT_FILES_PLEASE_,"For the conflict files, please find yourself a new developer files manually merge code, after the merger is completed, click on the gray button to skip the code is automatically updated to ensure that your content is of secondary development reserved."
RISK_WARNING_DIGITAL_MONEY_INV,"Risk Warning: Digital money invested there is a certain risk, please control the amount of your money, do not invest money that you do not understand the figures, refused MLM organizations, wary of false propaganda."
TRADING_PROMISING_INVESTMENT_C,"Trading promising investment currency, reduce investment risks; dedicated landing of digital assets, to benefit under more line traders, equal investment opportunities."
THE_INVESTMENT_VALUE_OF_THE_CU,"The investment value of the currency does not undertake any review, warranty, liability, and if you can not accept, please do not trade! Thank you!"
INTERFACE_IS_SIMPLE_AND_EASY_T,"Interface is simple and easy to understand, easy to operate. System stable and efficient, fast response speed. Mobile computers and other clients can trade anywhere, anytime."
THIS_IS_YOUR_SPECIAL_INVITATIO,"This is your affiliate code, you can click the button [Copy] and share with friends and let them enter your invite code when they register an account:"
_BANKLEVEL_SECURITY_TECHNOLOGI,", Bank-level security technologies, processes, and responsibilities of the cold wallet mechanisms, such as multiple-encrypted storage management system audit."
THIS_IS_YOUR_EXCLUSIVE_ADVERTI,"This is your exclusive advertising slogan, you can click the [Copy] button to paste paper and send your friends:"
IF_YOU_HAVE_SECONDARY_DEVELOPM,"If you have secondary development, and lead to differences in the file, where you can retrieve these documents are covered"
IF_YOU_CAN_NOT_SUCCESSFULLY_SC,"If you can not successfully scan bar codes on the map, you can also manually add accounts, and enter the following key:"
THIS_IS_YOUR_SPECIAL_LINK_YOU_,"This is your Affiliate link, you can click [Copy] button and share with friends:"
COUNT_ONE_AND_REVENUE_PREPAID_,"Count one) and revenue (prepaid transaction incentives and rewards the sum of) two kinds of people and ten prizes before each"
_AND_THEN_SELECT__SCAN_BARCODE," And then select  Scan Barcode.  The following diagram will align the bar code scanning camera lens on the phone."
BANKLEVEL_USER_DATA_ENCRYPTION,"Bank-level user data encryption, dynamic authentication, multi-level risk identification control, and ensure the security"
WITHIN_MINUTES_YOU_RECORDED_DU,"Within minutes you recorded during this period without having to contact customer service, any questions we will take the initiative to contact you."
TWOFACTOR_AUTHENTICATION_CAN_B,"Two-factor authentication can be more secure protection for your account, not to open an account without affecting the normal two-factor authentication transactions"
INSTANT_RECHARGE_RAPID_WITHDRA,"Instant recharge, rapid withdrawal, million times per single high-performance transaction engine"
WALLET_MULTILAYER_ENCRYPTION_O,"Wallet multi-layer encryption, offline storage in bank safes, escrow funds, to ensure safety"
YOU_ARE_USING_A_BROWSER_VERSIO,"You are using a browser version is too low, the effect may lead to loss of view and information."
ONLY_DIGITAL_CURRENCY_ENTHUSIA,"Digital Currency Exchange for online trading"
PLEASE_USE_ALIPAY_TRANSFER_TO_,"Please use Alipay transfer to the following account number or scan QR code scanning transfer"
DO_NOT_FILL_IN_THE_OTHER_CHARA,"Do not fill in the other characters (Bitcoin, ETH, etc.), or can not properly credited into account!"
DO_NOT_DELETE_THIS_TWOFACTOR_A,"Do not delete this two-factor authentication password account, otherwise it will cause you to not be able to account operation"
PLEASE_USE_THE_MICROCHANNEL_TR,"Perform a Wechat transfer to following account or scan QR code"
ACCORDING_TO_THE_HEAD_OF_CUSTO,"According to the head of customer service handheld documents required number and the number of currencies certainly more than the previous level"
OFFICIAL_BULLETIN_NET_LONG_CUR,"[Official Bulletin] net long currency"
PLEASE_FILL_OUT_AN_OFFICIAL_RE,"Please fill out an official reception currency account generated address to the Department of the fee"
PLEASE_TRANSFER_MONEY_TO_THE_F,"Please transfer money to the following bank account through online banking or over the counter, if in doubt please"
NEXT_TO_A_DOMESTIC_USER_NAME_O,"Next to a domestic user name, overwrite these files, and upgrade (may be wrong)"
ANNOUNCEMENT_PLATFORM__CURRENC,"[Announcement] platform  currency net long  trademark was accepted by the State Administration for Industry"
AFTER_SETTING_THE_REAL_NAME_CA,"After setting the real name can not be changed, and the same account name and withdrawals of interest"
UPLOAD_A_POSITIVE_ID_PHOTOS_ID,"Upload color scanned front and backside image of your ID"
ACCORDING_TO_THE_STATE_FIVE_MI,"According to the State five ministries  on guard against the risk of Bitcoin,  pending proportion"
THE_DEFAULT_BROWSER_ALSO_DISPL,"The default browser also displays a vertical scroll bar, scroll bar to prevent flicker caused due"
STATE_REGULATIONS_PLEASE_FILL_,"Enter details as per your ID Card"
PHONE_SEARCH_FOR__GOOGLE_AUTHE,"Phone: Search for  Google Authenticator  in the application market, or search"
AUDIT_CHANGE_REQUEST_AFTER_THE,"You can check here to check your KYC status."
HERE_WITH_THE_ATTRIBUTE_SELECT,"Here with the attribute selectors, this is your wallet address, please send your"
TO_PROTECT_YOUR_FINANCIAL_SECU,"To protect your financial security, set the Fund Password, be sure to keep in mind"
PLEASE_STRICTLY_IN_ACCORDANCE_,"Please strictly in accordance with the number of different levels of currency incremental escalation rules to fill in the form"
DYNAMIC_AUTHENTICATION_AND_OTH,"Dynamic authentication and other bank-level security technology to protect the security of transactions"
ENTER_THE_TWOFACTOR_AUTHENTICA,"Enter the two-factor authentication password to turn on or turn off two-factor authentication"
SECOND_CHANGE_ONCE_THIS_NUMBER,"Second change once. This number is the double verify your password."
LAYOUT_BLOCK_CHAIN_ALI_TENCENT,"Layout block chain: Ali Tencent big step forward, Baidu small steps walking"
AFTER_INSTALLATION_YOU_NEED_TO,"After installation, you need to configure the application as follows"
AND_SUBJECT_TO_NATIONAL_REQUIR,"And subject to national requirements for the safety of your funds need to be Verified"
AFTER_GIVING_THESE_MAY_NOT_HAV,"After giving these may not have write access to the file write permissions on lower"
IN_THE_CENTER_YOU_CAN_SEE_THE_,"In the center you can see the individual (follow format to import inputs)"
PLEASE_ENTER_TRANSACTION_PASSW,"Confirm Fund Password"
PLEASE_ENTER_THE_TWOFACTOR_AUT,"Enter 2FA Code"
APPLICATION_FAILS_PLEASE_RESUB,"You can resubmit your KYC request upon failure."
DURING_THE_EVENT_A_SINGLE_DAY_,"During the event a single day of trading (buying and selling are considered) amounting to"
THIS_UPDATE_DOES_NOT_INVOLVE_C,"This update does not involve changes to the database, you can skip."
FRIENDS_SAY_THREE_COINS_COLUMN,"Friends say three coins columns currency classification. Need to use when calling home"
PROFESSIONAL_REVIEWS_BITCOIN_U,"Professional reviews Bitcoin user point of view, said global annual growth rate"
TRANSACTION_CROSSSITE_CURRENCY,"[Transaction] cross-site currency long network cable cross-site trading system, open"
THE_OPPORTUNITY_TO_DRAW_VALID_,"The opportunity to draw valid on the day, can not be carried over to the next day use;"
PHONE_DOES_NOT_SUPPORT_TWODIME,"Phone: does not support two-dimensional code scanning, you can manually enter a key"
THE_ABOVE_PICTURES_ARE_FOR_REF,"The above pictures are for reference only, please prevail in kind prizes"
TO_PROTECT_YOUR_ACCOUNT_SECURI,"To protect your account security, please complete your account information"
_OFFICIAL_ANNOUNCEMENT_ON_CURR,"[Official announcement on currency net long currency trading will be changed]"
PS_STRICTLY_REQUIRED_TO_FILL_T,"Strictly required to fill top-order number:"
AFTER_SUCCESSFULLY_ADDED_AN_OF,"After successfully added an official copy correspondence currency account address"
LOWERCASE_MANDATORY_KEYWORDS_S,"Lowercase Mandatory: keywords such as call but can not fill"
MEET_THE_FOLLOWING_CURRENCY_AM,"Meet the following currency amount will be automatically upgraded to the level"
EVENT_DESCRIPTION_INVITE_DIVID,"Event Description: invite divided Daren (same activity description"
IF_IN_ERROR_IT_CAN_BE_RESTORED,"If in error, it can be restored by manual input key."
THE_HIGHER_THE_AMOUNT_OF_THE_T,"The higher the amount of the transaction, the greater the probability drawn large prizes;"
WALLET_WALLET_SERVER_USER_NAME_,"Wallet server user name docking services, please contact"
PLEASE_USE_THE_IPS_ONLINE_PAYM,"Please use the IPS online payment, if in doubt please"
JUMP_END_ERROR_PAGE_AFTER_LOGI,"Jump end error page after login authentication is not the real name."
BY_APPLICATION_PLEASE_REREGIST,"Please do not reregister."
YOUR_ACCOUNT_LOGIN_IN_OTHER_PL,"Your account login in other places, please login again"
CHARACTER_REPRESENTATION_SO_TH,"Character representation, so that in any coding are no problem"
STRICT_CONTROLS_ON_CURRENCY_AU,"Strict controls on currency audit mechanism comprehensive source of risk"
PROFESSIONAL_SERVICES_TEAM_ONL,"Professional services team, online customer service and technical support"
LEAVE_EMPTY_FOR_THE_LATEST_MAR,"Leave empty for the latest market price, fill in numbers"
BEYOND_THE_SCROLL_BAR_NAVIGATI,"Beyond the scroll bar navigation bar simulate the height of the window"
UPGRADE_AND_REPAIR_THE_PROBLEM,"Upgrade and repair the problem record. Custom development program"
INTERNET_GIANT_TENCENT_IS_TO_C,"Internet giant Tencent is to create a block chain platform"
PROFESSIONAL_CUSTOMER_SERVICE_,"Professional customer service team, one on one professional services"
REENTER_TRANSACTION_PASSWORD_T,"Re-enter Fund Password twice needs to be consistent"
DEPENDING_ON_THE_SETTING_OF_TH,"Fund password if exists"
REFERRAL_COMMISSION_A_PROMOTIO,"Referral commission, a promotion, a lifetime on commission"
TODAY_ONLY_SELL_CURRENCY_ACCOU,"Today only sell currency account balances Percent"
SMS_TEXT_MESSAGING_INTERFACE_U,"SMS text messaging interface user name interface security keys"
CONCEPT_CLEAR_AND_RESET_ARE_TI,"Concept: Clear and Reset are tight inseparable"
TYRANT_ERA_COINS_FINAL_INTERPR,"Tyrant era coins final interpretation of all net."
NO_NEED_TO_UPGRADE_THE_DATABAS,"No need to upgrade the database, skip the database upgrade"
SIEGE_LION_EFFORTS_TO_DEVELOP_,"Siege lion efforts to develop, so stay tuned contraction"
I_HAVE_MERGED_THEIR_OWN_DATABA,"I have merged their own database upgrade, skip"
THE_CENTRAL_BANK_REGULATION_BI,"The central bank regulation Bitcoin platform to start from the Anti-Money Laundering"
INSTALL_TWOFACTOR_AUTHENTICATI,"Install two-factor authentication program on your phone:"
AFTER_THE_BUTTON_CODE_IF_YOU_D,"After the button code, if you do not delete it"
THE_CURRENT_RUN_IS_CREATED_BAS,"The current run is created based on internal, may be"
YUAN_WILL_BE_ABLE_TO_GET_A_LUC,"Yuan will be able to get a lucky draw;"
TO_PREVENT_LOSS_OF_DATA_OR_CON,"To prevent loss of data or content of secondary development."
ANNOUNCEMENT_ON_THE_CURRENCY_H,"[Announcement] on the currency hat strands transaction announcement"
_APPLICATION_CLICK_ON_THE__ADD," Application, click on the  Add New Account"
THEN_CLICK_THE_ADD_FILE_BUTTON,"Then click the Add File button is clicked pictures"
DOWNLOAD_THE_UPDATE_PACKAGE_AN,"Download the update package and then get a list of files"
PLEASE_ENTER_YOUR_REAL_NAME_IN,"Please enter your real name in remittances [Remarks"
YOU_DO_NOT_NEED_TO_ENTER_EACH_,"Fund Password not required"
FEES_DEDUCTED_DIRECTLY_FROM_TH,"Fees deducted directly from the official fee address"
PLEASE_ENTER_THE_CONTACT_NAME_,"Please enter the contact name, please enter the contact address"
AFTER_CONFIGURATION_IT_WILL_BE,"After configuration, it will be displayed on a mobile phone"
PLEASE_SELECT_THE_CORRECT_FILE,"Please select the correct file type and size!"
NET_NEW_CURRENCY_ON_THE_LINE_A,"Net new currency on the line and put coins announcement description"
COMPUTER_END_A_NEW_REVISION_IN,"Computer end a new revision, increased mobile terminal."
QUOTE_CHANGE_COMPUTING_WHEN_NO,"Quote change computing when no trading market for new"
BITCOIN_WALLET_STANDARD_DISCUS,"Bitcoin wallet standard discussion was held in Germany"
RESTORING_DATABASE_PLEASE_DO_N,"Restoring Database, please do not close!"
THE_DATABASE_IS_BEING_BACKED_U,"The database is being backed up, please do not close!"
YET_ON_THE_LINE_SO_STAY_TUNED_,"Yet on the line, so stay tuned ordinary user group"
I_HAVE_NOT_ALTERED_THE_DATABAS,"I have not altered the database, the database upgrade"
CHENGDU_FIRST_BLOCK_CHAIN_SUMM,"Chengdu first block chain Summit Forum will be held"
START_BACKUP_PLEASE_DO_NOT_CLO,"Start Backup, please do not close this page!"
ANNOUNCED_BITCOIN_THEFT_BEFORE,"Announced Bitcoin theft before a successful repayment"
REPAIR_VERIFY_THE_TRANSACTION_,"Repair verify the transaction invalid password setting function"
ADMINISTRATORS_GROUP_TO_ADD_AN,"Administrators group to add and edit pages"
ENTER_ONLY_ONCE_EACH_TIME_YOU_,"Required only once per login"
OFFICIAL_FEES_PAID_DIRECTLY_IN,"Official fees paid directly into the address"
YOU_DO_NOT_NEED_TO_ENTER_THE_T,"Enter Fund Password"
OTHERWISE_YOU_MUST_FILL_IN_A_L,"Otherwise, you must fill in a lot of places do not see"
AFTER_FINISHED_SELECTING_FILES,"After finished selecting files, whether to automatically upload."
NO_ACCOUNT_SIGN_UP_TO_HAVE,"No account? Sign up to have!"
PLEASE_ENTER_A_CURRENCY_NAME_P,"Please enter a currency name Please enter the recharge amount"
MAKE_SURE_ALL_FILES_RELATED_TO,"Make sure all files related to state"
LITECOIN_ISOLATION_WITNESS_SUP,"Litecoin isolation witness support rate"
PHONE_REAL_NAME_DATA_UPGRADE_S,"Phone real name data upgrade, suspended"
NO_ACCOUNT_NO_BEGINNING_OF_THE,"No account, no beginning of the current ICO"
CONGRATULATIONS_RETRIEVE_PASSW,"Congratulations, retrieve password success!"
CONGRATULATIONS_RETRIEVE_TRANS,"Congratulations, retrieve Fund Password success!"
CONGRATULATIONS_THE_UPGRADE_WA,"Congratulations, the upgrade was successful, the current version"
OFFICIAL_INFORMATION_ONLINE_CU,"Official information online customer service and improve compliance with"
YOU_NEED_TO_ENTER_A_PASSWORD_W,"You need to enter a password when entering into a transaction"
OTHERWISE_IT_WILL_CAUSE_DISLOC,"Otherwise it will cause dislocation membership levels"
BACKGROUND_INCREASE_ONLINE_CUS,"Background increase online customer configuration function."
FOR_BACKGROUND_DISPLAY_CONFIGU,"(For background display configuration title)"
CONTACT_CUSTOMER_SERVICE_SITE_,"Contact Customer Service Site Admin System"
WELCOME_TO_VISIT_THE_WEBSITE_B,"Welcome to visit the website background management system"
OPERATORS_FORCE_CONTRACT_MININ,"Operators force contract mining to enhance earnings announcement"
CALCULATED_BASED_ON_THE_LAST_T,"Calculated based on the last transaction yesterday"
INVITE_PEOPLE_FIRST_INVITATION,"Invite people: first invitation code:"
ENTER_THE_UNLOCK_PASSWORD_OR_L,"Enter the unlock password or login password"
DISPLAY_DOUBLE_AUTHENTICATION_,"Display double authentication code when funds out"
STATISTICAL_REPORTING_SYSTEM_T,"Statistical reporting system timing day"
YOU_NEED_TO_ENTER_LOGIN_ACCOUN,"You need to enter login account password"
DOCKING_STATION_FORMAL_PRESENT,"Docking station formal presentation litecoin wallet"
RELATED_DATABASE_UPDATE_SCRIPT,"Related database update script location"
JIANGXI_XINGSHUO_INFORMATION_T,"Jiangxi Xingshuo Information Technology Co., Ltd."
INCOME_OF_PEOPLE_THE_FIRST_TIM,"Income of people: the first times earnings"
TWOFACTOR_AUTHENTICATION_TURNE,"Turn 2FA Authentication on/off:"
SEND_A_CONSISTENT_MESSAGE_WITH,"Send Front , Back and Photo of you holding the Government Issued Photo Identification"
THE_TOTAL_GLOBAL_MARKET_CAPITA,"The total global market capitalization of over encryption currency fullscreen"
DIGITAL_ASSETS_EQUAL_TO_HOW_MU,"Digital assets equal to how much the yuan"
FOR_TWO_PACKETS_LEFT_MENU,"(For two packets left menu)"
PLEASE_FILL_IN_YOUR_USERNAME_P,"Please fill in your username, please fill in the password"
ENTER_THE_GOOGLE_VERIFICATION_,"Enter the Google verification code and confirm"
EACH_TRANSACTION_TRANSACTION_P,"Fund Password required with each transaction"
CALCULATED_ACCORDING_TO_THE_SI,"Calculated according to the single transaction fee"
SELECT_THE_USER_NAME_INPUT_FIE,"Select the user name input field initialization"
WHEN_THERE_ARE_PENDING_CAN_NOT,"When there are pending can not be modified"
CONGRATULATIONS_YOU_HAVE_SUCCE,"Congratulations, you have successfully registered!"
OTHERWISE_THE_PROPORTION_OF_FE,"Otherwise, the proportion of fee setting is invalid"
THE_CURRENT_NUMBER_OF_PENDING_,"The current number of pending orders only account"
REINITIALIZE_THE_CURRENT_MARKE,"Re-initialize the current market statistics"
REINITIALIZE_THE_CURRENT_CURRE,"Re-initialize the current currency statistics"
BUTTON_TO_SELECT_THE_FILE_OPTI,"Button to select the file. Optional."
POSITIVE_AND_NEGATIVE_PHOTO_SC,"Positive and negative photo scanning documents or parts"
AFTER_THE_REGISTRATION_CERTIFI,"After the registration certificate number can not be modified"
END_HOME_PARTICLES_OUT_OF_THE_,"End home particles out of the question."
END_BANK_CARD_TO_ADD_VALIDATIO,"End bank card to add validation error."
REGISTRATION_WILL_BE_ASSIGNED_,"Registration will be assigned an account aggregation"
BITCOIN_USER_BASE_RISING,"Bitcoin user base rising"
WITHIN_EACH_INTEREST_PERIOD_PR,"Within each interest period presented positive Chun"
LOCAL_FILES_INVOLVED_IN_THIS_U,"Local files involved in this update"
CHANGING_THE_REALNAME_AUTHENTI,"Changing the real-name authentication information flow:"
YOUR_ACCOUNT_HAS_BEEN_BOUND_AL,"Your account has been bound Alipay."
YOUR_ACCOUNT_HAS_BEEN_ENABLED_,"Your account has been enabled phone verification"
YOU_HAVE_RUN_OUT_OF_OPPORTUNIT,"You have run out of opportunities today lottery"
THE_BACKUP_IS_COMPLETE_CLICK_O,"The backup is complete, click on the backup again"
_UNABLE_TO_ENTER_THE_NEXT_STEP,". Unable to enter the next step. please at"
_SET_TO_THE_MAXIMUM_NUMBER_OF_,", Set to the maximum number of buying"
FOR_SEQUENTIALLY_DISPLAYING_TH,"(For sequentially displaying the packet)"
USERNAME_NO_CONTENT,"Username No content"
NO_IMAGE_TO_DISPLAY_THE_DEFAUL,"No image to display the default picture"
ADD_AN_EVENT_SUCCESSFUL_RESPON,"Add an event successful response file"
LOAD_FAILED_LOAD_PICTURE_REMOV,"Load failed Load picture removed"
ADDING_ATTRIBUTES_TO_ACHIEVE_M,"Adding attributes to achieve multi-function map"
ENTER_THE_TRANSACTION_PASSWORD,"Enter the Fund Password, and confirm"
PROCESSING_IMAGE_UPLOAD_ADDRES,"Processing image upload address"
ENGLISH_CONTACT_NAME_CHART,"English Contact Name Chart"
LOGIN_FORM_GETS_FOCUS_DISCOLOR,"Login form gets focus discoloration"
INSIDE_THE_ACTUAL_USER_ACCOUNT,"Inside the actual user account balances"
REMOVE_THE_PRINCIPAL_TO_PAY_IN,"Remove the principal to pay in advance"
CONFIRM_THE_NUMBER_OF_ROLLOUT_,"Confirm the number of Withdrawal must be completed"
BATCH_DELETE_UNRECOVERABLE_DED,"Batch delete unrecoverable deduction"
DO_NOT_SET_TOO_LARGE_FOR_SAFET,"Do not set too large for safety"
PLEASE_DO_NOT_MODIFY_DURING_OP,"Please do not modify during operation"
PLEASE_ENTER_YOUR_USER_NAME_OR,"Please enter your user name or phone number"
PLEASE_ENTER_THE_CORRECT_BANK_,"Please enter the correct bank account"
COLOR_TABLE_FORM_GETS_FOCUS,"Color table form gets focus"
LOG_IN_TO_CHECK_IMMEDIATELY_PR,"Sign in to check now"
LOG_DISPLAY_DUAL_AUTHENTICATIO,"Log display dual authentication code"
IPS_TOPORDER_DETAILS,"IPS top-order details"
SCRIPT_IS_LOADING_PLEASE_WAIT,"Script is loading, please wait"
ORDERS_MERCHANT_PAYMENT_INTERF,"Orders merchant payment interface standard"
VIEW_ONLINE_CUSTOMER_SERVICE_T,"View online customer service to view product"
THE_UPDATED_DATABASE_CHANGES,"The updated database changes"
THE_UPDATED_DOCUMENT_INVOLVED,"The updated document involved:"
A_NEW_VERSION_OF_THE_SERVER_US,"A new version of the server user name"
THE_PROPORTION_OF_FEE_IN_ADVAN,"The proportion of fee in advance to take the principal"
LABOR_DAY_HOLIDAY_ARRANGEMENTS,"Labor Day holiday arrangements to inform"
WORKING_HOURS_MONDAY_TO_SUNDAY,"Working hours: Monday to Sunday"
YOU_NEED_TO_USE_THE_TIME_TO_CA,"You need to use the time to cash in"
BEFORE_YOU_INSTALL_THE_UPDATE_,"Before you install the update, please"
OR_LIKELY_TO_CAUSE_CONFUSION_G,"Or likely to cause confusion grade"
SELLER_USER_NAME_SELLER_FEES,"Seller user name seller fees"
LOAD_LOAD_PICTURE_REMOVED_SUCC,"Load Load picture removed successfully"
CLOSE_ABOUT_US_ONLINE_CUSTOMER,"Close About Us Online Customer Service"
THE_WHOLE_STATION_IS_ONLY_A_RE,"The whole station is only a recommendation project"
MARGIN_WALLET_HOT_AND_COLD_ISOL,"Margin, wallet hot and cold isolation"
MEMBER_FOREGROUND_INTO_THE_ADD,"Member foreground into the address currency"
FROM_THE_TOP_OF_THE_APPLICATIO,"From the top of the application calls the polymerization"
BUYER_THE_BUYERS_NAME_FEE,"Buyer, the buyers name fee"
PLEASE_ENTER_A_USER_NAME_CHANG,"Please enter a user name change"
OTHERWISE_THE_FILE_CAN_NOT_BE_,"Otherwise, the file can not be added"
DID_NOT_RECEIVE_RESEND,"Did not receive? Resend"
SCAN_THE_QR_CODE_TO_MAKE_TRANS,"Scan QR"
YOU_NEED_TO_UPGRADE_THE_CURREN,"You need to upgrade the current version"
WE_WILL_RECEIVE_THE_MONEY,"We process the recharge request within 24 hours from payment confirmation."
ACCOUNT_NAME_ACCOUNT_ADDRESS,"Account Name Account Address:"
OFFICIAL_WEBSITE_ALIPAY_ACCOUN,"Alipay Account"
CLICK_HERE_TO_SEND_ME_A_MESSAG,"Click here to send me a message"
ADD_A_NEW_ADDRESS_TO_CASH,"+ Add New Address"
LESS_THAN_THIS_NUMBER_AUTOMATI,"Less than this number automatically Withdrawal"
RECHARGE_AMOUNT_OF_OFFLINE_BON,"Recharge amount of offline bonus"
THIS_NUMBER_IS_GREATER_THAN_TH,"This number is greater than the background review"
A_PLURALITY_OF_SEPARATED_BY_CO,"A plurality of separated by commas"
PRELOADED_NONTRADABLE,"Pre-loaded non-tradable"
HOME_SHOWS_THE_CUMULATIVE_TURN,"Display Total Turnover on Frontend"
AFTER_ENTERING_THE_SUCCESSFUL_,"After entering the successful recharge orders"
PLEASE_INPUT_CORRECT_PASSWORD_,"Please input correct password"
PLEASE_LOGIN_PASSWORD_REGULARL,"Please update login password regularly"
PLEASE_UPDATE_YOUR_PASSWORD_RE,"Please update your password regularly"
CHECK_USER_REGISTRATION_AGREEM,"Check User Registration Agreement"
WARNING_DO_NOT_NEED_TO_DELETE,"Warning: Do not need to delete"
APPLICATION_FOCUSING_BLOCK_CHA,"Application focusing block chains"
EDIT_YUAN_RECHARGE_MODE,"Edit yuan recharge mode"
DRAW_FIBONACCI_RETRACEMENT,"Draw Fibonacci Retracement"
WANT_TO_EMPTY_DATA,"Want to empty data?"
THE_CHINESE_DIFFICULT_TO_READ_,"The Chinese difficult to read, so"
ADD_THE_YUAN_RECHARGE_MODE,"Add the yuan recharge mode"
SIGN_INTO_THE_ADDRESS_FROM_WHI,"Address from which deposit has been made"
DOCUMENTS_RELATED_TO_THIS_UPDA,"Documents related to this update"
THE_LATEST_HOTTEST_TOPIC_OF_DI,"The latest hottest topic of discussion"
EVENING_DOWNTIME_UPGRADE_ANNOU,"Evening Downtime Upgrade Announcement"
FILENAME_INTEGER_SUCH_AS_FILLI,"Filename integer, such as filling"
SCAN_DIRECT_ACCESS_TO_THE_PHON,"Scan direct access to the phone version"
YOUR_EXCLUSIVE_PROMOTION_OF_TW,"Affiliate Link QR Code"
YOU_CAN_RECORD_KEY,"You can record key"
YOU_DO_NOT_HAVE_THE_OPPORTUNIT,"You do not have the opportunity to draw today"
MULTIFACETED_UNDERSTANDING_OF_,"Multifaceted understanding of industry dynamics"
BACKUP_FILE_LOCATION,"Backup file location:"
FILL_REASON_DID_NOT_PASS_CERTI,"Fill reason did not pass certification"
BASED_ON_THE_LATEST_MAJOR_BROW,"Based on the latest major browsers"
CAPTCHA_CODE_CAN_NOT_BE_EMPTY,"Captcha code can not be empty"
ALLOWING_ONLY_SELECT_A_PICTURE,"Allowing only select a picture file"
TODAY_THE_BIGGEST_SELLING_TRAD,"Max selling price"
TODAY_THE_MINIMUM_PURCHASE_PRI,"Min purchase price"
USD_RECHARGE_MODE_LIST,"Recharge Methods"
STRICT_PROJECT_ACCESS_THRESHOL,"Strict project access threshold"
DOWNLOAD_THE_FILE_LOCATION,"Download the file location"
THE_DOWNLOAD_IS_COMPLETE_COMPA,"The download is complete, compare the files"
ANNOUNCEMENT_CURRENCY_LONG_NET,"[Announcement] currency long network upgrade"
BELONGING_TO_THE_PREVIOUS_MENU,"(Belonging to the previous menu)"
PLEASE_ENTER_THE_VERIFICATION_,"Please enter the verification code SMS"
THE_CURRENT_SYSTEM_VERSION_NUM,"The current system version number"
THE_PAGE_IS_ABOUT_TO_AUTOMATIC,"The page is about to automatically jump"
PLEASE_ENTER_THE_CAPTCHA_CODE,"Please enter the captcha code"
I_UNDERSTAND_THESE_RISKS,"I understand"
DETERMINE_IN_ADVANCE_THE_PRINC,"Determine in advance the principal extract"
USERS_TO_SWITCH_FROM_SITE,"Users to switch from site"
CONFIGURATION_MODULE_VERIFICAT,"2FA Module Config:"
THE_VALUE_OF_EACH_SCROLL_NUMBE,"The value of each scroll number"
USERS_TURN_TO_THE_SITE,"Users turn to the site"
CLICK_TO_VIEW_THE_PROMOTION_AW,"Click to view the promotion award"
ADD_A_WALLET_ADDRESS,"Add a wallet address"
ADD_A_CONTACT_ADDRESS,"Add a contact address"
NEW_CURRENCY_INOPERABLE,"New currency inoperable"
A_LIST_OF_NAMES_TO_CASH_WITHDR,"A list of names to cash withdrawals"
MEMBERS_OF_THE_AUTHORIZED_EDIT,"Members of the authorized edit page"
THE_CURRENT_SIZE_OF_THE_DATA_C,"The current size of the data cache"
IF_YOU_WANT_TO_CHARGE_A_FEE,"If you want to charge a fee"
NATIONAL_TOLL_FREE,"National Toll Free"
TRANSACTION_PASSWORD_INPUT_SET,"Fund Password Requirement settings"
DO_NOT_FILL_NOT_DISPLAYED_BY_D,"Do not fill not displayed by default"
A_KEY_TO_CHECK_ALL_WALLET,"A key to check all wallet"
PAGE_CLOSE_THE_SITE,"Page, close the site."
YOU_NEED_TO_ENTER_A_PASSWORD,"You need to enter a password"
TO_RETURN_TO_AUTOMATIC_UPGRADE,"To return to automatic upgrade Home"
ENTER_A_PASSWORD_LOCK_SCREEN,"Enter a password lock screen"
PLEASE_ENTER_YOUR_OLD_PASSWORD,"Please enter your old password transaction"
PLEASE_ENTER_A_NEW_PASSWORD,"Please enter a new password"
PLEASE_ENTER_A_NEW_PHONE_NUMBE,"Please enter a new phone number"
PLEASE_ENTER_A_NEW_TRANSACTION,"Please enter a new Fund Password"
PLEASE_ENTER_ALIPAY_ACCOUNT,"Please enter Alipay account"
CERTIFICATE_TYPE,"Certificate Type:"
ICO_PAGE_RISK_WARNING,"ICO page Risk Warning"
ORDERS_TO_PAY_ENCRYPTION,"Orders to pay encryption"
RULES_ARE_AUTOMATICALLY_UPGRAD,"Rules are automatically upgraded to"
DRAW_FIBONACCI_EXTENSION,"Draw Fibonacci extension"
ACCUMULATIVE_ROLLOUT_OF_DIGITA,"Total withdrawal of Coins"
THE_CUMULATIVE_TRANSFER_OF_DIG,"Total transfer of Coins"
NOW_GO_TO_WITHDRAW_IMMEDIATELY,"Now Go To Withdraw immediately"
ENSURE_USER_SECURITY_FUNDS,"Ensure user security funds"
PLATFORM_TO_ENSURE_THE_INTERES,"Platform to ensure the interests of users"
USERS_GET_AFTER_PURCHASE,"Users get after purchase"
USER_NAME_USER_COMMUNICATION,"User Name user communication"
CLICK_HERE_TO_VIEW_CLICK_SETTI,"Click here to view Click Settings"
SUCCESSFUL_ACTIVATION_MAY_BE_L,"Successful activation may be larger"
ADDING_A_BANK_ADDRESS,"Adding a bank address"
ADD_A_WITHDRAWAL_ADDRESS,"Add a withdrawal address"
THE_MINIMUM_AMOUNT_FOR_EACH_PU,"Minimum amount purchase is"
THE_MAXIMUM_NUMBER_FOR_EACH_PU,"The maximum number for each purchase"
DAILY_DEAL_END_TIME,"Daily Deal End Time"
DAILY_TRADING_START_TIME,"Daily Trading Start Time"
SENDING_BACKUP_REQUEST,"Sending backup request"
FORMAT_SIZE_DOES_NOT_EXCEED,"Format, size should not exceed"
STYLE_CLASS_NAME_COLUMN_NAME,"Style class name Column Name"
UPDATE_FILE_LOCATION,"Update file location"
FILE_RECEIVING_SERVER,"File receiving server."
RECORD_NUMBERS_WITHDRAW_ASSETS,"Record numbers turn out assets"
DIGITAL_ASSETS_INTO_RECORD,"Digital assets into record"
DIGITAL_REPRESENTATIVES_OF_SEV,"Digital representatives of several other awards"
BUS_KEEP_THE_LINKS_IN_THE,"Bus: Keep the links in the"
MASTER_ALL_KINDS_OF_EVENT_INFO,"Master all kinds of event information"
SWEEPSTAKES_HAS_ENDED,"Sweepstakes has ended"
A_LIST_OF_PUBLIC_INVESTMENT_ST,"A list of public investment style"
TECHNICAL_INDICATORS_PARAMETER,"Technical indicators parameter settings"
SCAN_ATTENTION_OFFICIAL_MICRO_,"Scan attention official micro letter"
LIST_OF_USER_GROUPS_BELONG,"List of user groups belong"
MICROCHANNEL_PUBLIC_NUMBER_TWO,"Micro-channel public number two-dimensional code"
THE_LATEST_VERSION_OF_THE_CURR,"The latest version of the current remote"
THE_CURRENT_ICO_HAS_E,"The current ICO has ended"
CURRENT_NUMBER_OF_DIGITAL_ASSE,Balance
MENU_ON_THE_LEFT_SHOW_HIDE,"Menu on the left show hide"
OFFICIAL_WEBSITE_RECEIVING_BAN,"Official website receiving bank account"
BACKUP_FILE_STORAGE_LOCATION,"Backup file storage location"
TYRANT_CREDITS_LINE_STYLE_FIG,"Tyrant credits, line style FIG."
STATISTICS_ONLY_PART_OF_THE_RE,"Statistics only part of the renminbi"
THE_ORIGINAL_FILE_LOCATION,"The original file location"
INTEREST_GIFT_TO_WHICH_CURRENC,"Interest gift to which currency"
CATEGORY_AUTHORIZED_TO_EDIT_PA,"Category authorized to edit page"
ENTER_THE_NEW_PASSWORD_AGAIN,"Enter the new password again:"
GLOBAL_FONT_COLOR_SETTING,"Global font color setting"
SAVE_TRANSACTION_PASSWORD_SETT,"Save Fund Password settings"
THE_ABOVE_INFORMATION_IS,"The above information is"
ONLY_DEVELOPER_MODE_DISPLAY,"Only developer mode display"
DEVELOPER_MODE_ONLY_VISIBLE,"Developer mode only visible"
TRADING_ENCRYPTION_RETURN,"Trading encryption return"
UNDER_INHERIT_FONT_SIZE,"Under inherit font size"
ADDED_TIME_AFTER_THE_FIRST,"Olded First"
"ALL CATEGORIES","All categories"
"To make purchases you are one click away","To make purchases you are one click away"
ADDED_TIME_FROM_THE_FIRST_TO_T,"Newest First"
A_LINE_IMAGE_LINK,"A line image link"
MENU_DETAIL,"(Menu detail)"
PLEASE_ENTER_YOUR_QUERY,"Please enter your query"
PLEASE_ENTER_THE_PHONE_NUMBER,"Enter Mobile"
HIDDEN_UNDER_THE_PICTURE_TO,"Hidden under the picture to."
FOR_THIS_USE_CASE_ONLY,"For this use case only"
SEND_SMS_VERIFICATION_CODE,"Send SMS code"
PLEASE_ENTER_YOUR_PASSWORD,"Enter password"
CLICK_TO_SEND_A_VERIFICATION_C,"Click to send a verification code"
THE_METHOD_TO_BE_EXECUTED,"The method to be executed"
PLEASE_ENTER_THE_CONFIRMATION_,"Please enter the confirmation code"
ENTER_A_NAME_REMARKS,"Enter a name Remarks"
OFFICIAL_FEES_ADDRESS,"Official fees Address"
USERNAME_ANY_NUMBER,"Username any number"
THE_NUMBER_OF_INVITED_RANKINGS,"The number of invited rankings"
PLEASE_ENTER_IDENTIFICATION_NU,"Please enter identification number"
THE_CLASSIFICATION_NO_DATA,"No records"
JUMP_IN_THE_OPERATION_WAS_SUCC,"Jump in the operation was successful"
THE_MINIMUM_SELLING_PRICE_OF_T,"The minimum selling price of the transaction"
THE_MAXIMUM_SELLING_PRICE_OF_T,"The maximum selling price of the transaction"
SELL_​​AT_THIS_PRICE,"Sell at this price"
BUY_AT_THIS_PRICE,"Buy at this price"
THE_MINIMUM_PURCHASE_PRICE_OF_,"The minimum purchase price of the transaction"
THE_MAXIMUM_PURCHASE_PRICE_OF_,"The maximum purchase price of the transaction"
WALLET_SERVER_PORT,"Wallet server port"
WALLET_SERVER_PASSWORD,"Wallet server password"
REEDIT_THIS_CURRENCY,"Re-edit this currency"
OUT_OF_PROPORTION_FEE,"Out of proportion fee"
THE_PROPORTION_OF_TRANSFER_FEE,"The proportion of transfer fees"
PLEASE_ENTER_THE_BANK_ACCOUNT_,"Please enter the bank account number"
PLEASE_ENTER_THE_WALLET_LOGO,"Please enter the wallet logo"
PLEASE_ENTER_THE_ADDRESS_WALLE,"Please enter the address wallet"
PLEASE_ENTER_A_SELECT,"Please enter a choice"
PLEASE_ENTER_THE_NUMBER_OF_ROL,"Please enter the number of Withdrawal"
PLEASE_TYPE_YOUR_PHONE_NUMBER,"Please type your phone number"
ENTER_ACCOUNT_BRANCH,"Enter Account Branch"
EXPRESSION_STORED_PATH,"Expression stored path"
CONTACT_THE_ADMINISTRATOR_TO_M,"Contact the administrator to modify"
ASSIGNED_TO_THE_CONTROL,"Assigned to the control"
NO_WALLET_SERVER,"No wallet server"
WALLET_SERVER_INFORMATION,"Wallet server information"
DATA_HAS_BEEN_LOADED,"Data has been loaded"
REFER_A_FRIEND_TO_GET_REWARD,"Refer a friend to get reward"
PERFECT_CREDENTIALS,"Perfect credentials."
TO_FILL_THIS_OFFICE_CAN_BE,"To fill this office can be"
SINGLE_MINIMUM_TURNOVER,"Single minimum turnover"
THE_SINGLE_LARGEST_TURNOVER,"The single largest turnover"
FRONTEND_TITLE_OF_THE_WINNING_TI,"Frontend Title of the winning time"
HOME_THUMBNAIL_DISPLAY,"Home thumbnail display"
PERMISSION_TO_REINITIALIZE,"Permission to re-initialize"
REPEAT_TRANSACTION_PASSWORD,"Repeat Fund Password:"
ENTER_EMAIL_OR_CELL_PHONE,"Enter e-mail or cell phone"
OUT_OF_A_TOTAL_FEE,"Out of a total fee"
SKIP_THE_DATABASE_UPGRADE,"Skip the database upgrade"
PLEASE_SELECT_THE_ROLLOUT_ADDR,"Please select the Withdrawal address"
PLEASE_SELECT_THE_TYPE_OF_DOCU,"Please select the type of document"
PLEASE_SELECT_WITHDRAW_ADDRESS,"Please select Withdraw address"
PLEASE_SELECT_THE_RECHARGE_AMO,"Please select the recharge amount"
PLEASE_SELECT_THE_RECHARGE_MOD,"Please select the recharge mode"
PLEASE_CHOOSE_A_PAYMENT_METHOD,"Please choose a payment method"
ENTER_GOOGLE_PASSWORD,"Enter Google password"
PLEASE_ENTER_THE_CERTIFICATE_N,"Please enter the certificate number"
PLEASE_ENTER_THE_NUMBER_OF_SUB,"Please enter the number of ICO"
PLEASE_ENTER_THE_NAME_OF_THE_M,"Please enter the name of the menu"
PLEASE_ENTER_A_CHAT,"Please enter a chat"
PLEASE_ENTER_A_LOGIN_PASSWORD,"Choose a secure password"
ENTER_THE_WITHDRAWAL_AMOUNT,"Enter the withdrawal amount"
PLEASE_SIGN_IN_LOTTERY,"Please sign in lottery"
DRAW_FIBONACCI_SURFACE,"Draw Fibonacci surface"
CUMULATIVE_WITHDRAWALS_YUAN,"Cumulative withdrawals yuan"
CUMULATIVE_RECHARGE_USD,"Cumulative recharge USD"
CONFIRM_THE_TRANSACTION_PASSWO,"Confirm the Fund Password:"
SMS_INTERFACE_SECURITY_CODE,"SMS Interface Security Code"
USERS_TO_BUY_USED,"Users to buy used"
HONG_KONG_AND_MACAO_RESIDENTS_,"Hong Kong and Macao residents permit"
AS_TIME,"As Time"
REGISTRATION_IS_DEEMED_TO_AGRE,"I accept"
DAILY_LIMIT_PER_ACCOUNT,"Daily limit per account"
NOT_VERIFIED,"Not Verified"
THE_MAXIMUM_PURCHASE_LIMIT,"The maximum purchase limit"
IT_SHOWS_THE_CUMULATIVE_TURNOV,"It shows Total turnover"
ADD_A_NEW_ADDRESS,"Add a new address"
THE_GREATER_THE_VALUE_THE_MORE,"The greater the value the more forward"
ALIPAY_REMITTANCE,"Alipay remittance"
ALIPAY_RECHARGE_INFORMATION,"Alipay recharge information"
ALIPAY_ACCOUNT_WITHDRAWALS,"Alipay account withdrawals"
USD_FREEZE_WITHDRAWALS,"USD freeze withdrawals"
YOUR_WALLET_ADDRESS_IS,"Your wallet address is"
YOU_HAVE_SUCCESSFULLY_UPLOADED,"You have successfully uploaded"
HELLO_AND_WELCOME_TO,"Hello and welcome to"
QUICK_SHARE_TO_THE_COMMUNITY,"Social Media"
CURRENT_PHONE_NUMBER,"Current phone number:"
UPGRADE_TO_RECOMMEND,"Upgrade to recommend"
ADVERTISING_COUNTDOWN_TIME,"Advertising countdown time"
MARKET_MARKET_NAME_LIST,"Market Market name list"
IT_HAS_BEEN_VERIFIED,"KYC Completed"
HEAD_ADMINISTRATOR_MENU,"Head Administrator menu"
GREATER_THAN_THIS_LEVEL_AVAILA,"Greater than this level available"
ADDITIONAL_BUSINESSES_PACKET,"Additional businesses packet"
AND_THEN_TO_PARTICIPATE_IN_SWE,"And then to participate in sweepstakes"
PERMIT_FOR_TAIWAN_RESIDENTS,"Permit for Taiwan Residents"
TWOFACTOR_AUTHENTICATION_PASSW,"Two-factor authentication password:"
VERIFY_THE_LOCATION_OF_THE_ORI,"Verify the location of the original security"
SHARE_TO_SINA_WEIBO,"share to Sina Weibo"
GET_A_FREE_VERIFICATION_CODE,"Get a free verification code"
ELEMENTS_IT_MAY_BE,"Elements, it may be"
SO_THAT_FORM_ELEMENTS,"So that form elements"
ARE_YOU_SURE_YOU_RECHARGE_IT,"Are you sure you recharge it?"
TODAY_LIMITS,"Today Limits:"
TODAY_LIMIT_PRICE,"Today limit Price:"
TODAY_LIMIT_INCREASE,"Today limit increase:"
TODAY_THE_DAILY_LIMIT_PRICE,"Today the daily limit price:"
USD_WITHDRAWALS_RECORD,"USD withdrawals record"
USD_WITHDRAWALS_INTERFACE,"USD withdrawals Interface"
USD_RECHARGE_RECORD,"USD recharge record"
PLEASE_ENTER_TRANSACTION_PASSW_CAN_NOT_BE_SAME,"Transaction passsword can not be same as login password"
PRODUCT_INTRODUCTION,"Product Introduction"
USD_RECHARGE_MODE,"USD recharge mode"
USD_RECHARGE_INTERFACE,"USD recharge Interface"
PROFESSIONAL_SECURITY,"Professional security"
CLOSE_BUTTON_DOES_NOT_SHOW,"Close button does not show"
THAI_LANGUAGE,Thai
MANAGED_IMMEDIATELY,"Managed immediately"
ACTUAL_TRADING_RISK,"Engaging in trades may be risky, especially if you use sophisticated trading options."
HERE_IS_WALLET,"Here is your wallet address, please send your"
_SAFER_AND_MORE_AT_EASE,", Safer and more at ease!"
CLICK_ADD_PICTURE,"Click Add Picture"
PLEASE_ENTER_VERIFICATION_CODE,"Enter Code"
ADDING_DATA_OBJECT,"Adding Data Object"
PLEASE_ENTER_PHONE_NUMBER,"Please enter phone number"
ICO_TYPE_OF_CURRENCY,"ICO type of currency"
SEC_CAN_BE_SENT_AGAIN,"secs to send again"
SMS_VERIFICATION_CODE,"SMS verification code:"
USER'S_REAL_NAME,"User's real name"
DOCKING_WALLET_USE,"Docking wallet use"
ROLLOUT_OF_DIGITAL_ASSETS,"Withdraw Coins"
PLEASE_FILL_IN_THE_VERIFICATIO,"Enter Captcha"
GET_VERIFICATION_CODE," "
RETRIEVE_PASSWORD,"Retrieve Password"
HIGHLIGHT_THE_TOP_MENU,"Highlight the top menu"
CONFIRM_PASSWORD_ERROR,"Confirm password error"
THE_MINIMUM_WITHDRAWAL_AMOUNT,"Minimum withdrawal amount"
THE_MAXIMUM_AMOUNT_OF_WITHDRAW,"Maximum withdrawal amount"
CLICK_RESEND,"Click resend"
ADD_AN_ADDRESS,"Add an address"
LOCAL_FILE_COMPARISON,"Local file comparison"
RETRIEVE_TRANSACTION_PASSWORD,"Retrieve Fund Password"
MARKET_TRANSACTIONS_REPORT,"Market Transactions Report"
CAPTCHA,Captcha:
RESET_TRANSACTION_PASSWORD,"Reset Fund Password"
ROLLOUT_ADDRESS_MANAGEMENT,"Withdrawal addresses"
SET_TRANSACTION_PASSWORD,"Set Fund Password"
REMOVE_DETERMINED_IN_ADVANCE,"Remove determined in advance"
USER_REGISTRATION_AGREEMENT,"User Registration Agreement"
VIEW_RIGHTS_MANAGEMENT,"View Rights Management"
WITHDRAW_ADDRESS_MANAGEMENT,"Withdraw Address Management"
REPAIR_ANY_CONTENT,"Repair any content"
WALLET_ADDRESS_MANAGEMENT,"Wallet address management"
WALLET_TRANSACTIONS,"Wallet transactions"
SELECT_WITHDRAWALS_ADDRESS,"Select withdrawals address"
INTO_DIGITAL_ASSETS,"Deposit Coins"
CONTACT_TENCENT_MICROBLOGGING,"Contact Tencent microblogging"
WAITING_FOR_THE_FIRST_PRIZE,"Waiting for the first prize"
USER_REGISTRATION_REPORT,"User Registration Report"
DETAILED_FINANCIAL_RECORDS,"Detailed financial records"
CLICK_FOR_LARGER_IMAGE,"Click for larger image"
COMPARE_LOCAL_FILE,"Compare local file"
HERE_DEMO_CLOSE,"Here Demo close"
RECORD_AMOUNT,"Record amount"
THE_MINIMUM_NUMBER_OF_ROLLOUT,"The minimum number of Withdrawal"
THE_MINIMUM_RECHARGE_AMOUNT,"The minimum recharge amount"
THE_MAXIMUM_NUMBER_OF_ROLLOUT,"The maximum number of Withdrawal"
THE_MAXIMUM_AMOUNT_OF_RECHARGE,"The maximum amount of recharge"
LAST_LOGIN_TIME,"last login time"
NEW_LOGIN_PASSWORD,"New login password:"
NEW_MARKET_COMMISSION,"New Market commission"
NEW_TRADING_PASSWORD,"New Fund Password:"
ALIPAY_ACCOUNT,"Alipay account"
FEE_CHART,"Fee Chart"
MOBILE_TWODIMENSIONAL_CODE,"Mobile two-dimensional code"
ADVERTISING_MANAGEMENT_SECTOR,"Advertising management sector"
ADVERTISING_SECTOR_LIST,"Advertising sector list"
BLOCK_HAS_BEEN_LOADED,"Block has been loaded"
OFFICIAL_LINKS_CUSTOMER_SERVIC,"Official Links Customer Service"
ENTER_SUBMIT_CHAT,"Enter submit Chat"
LOGIN_FAILED,"Login Failed"
USER_DOES_NOT_EXISTS,"User does not exists"
CHANGE_MY_PASSWORD,"Change My Password"
TWO_DECIMAL_PLACES,"Two decimal places"
MORE_THAN_THE_PAYMENT_AMOUNT,"More than the payment amount"
MOST_SELL_TODAY,"Most sell today"
TRADING_INTERFACE_DISPLAY,"Trading interface display"
THE_PROPORTION_OF_SECONDGENERA,"The proportion of second-generation gift"
AUDIT_WORKING_DAYS,"Audit working days"
DO_NOT_RESUBMIT,"Do not resubmit"
THREE_GENERATIONS_PROPORTION_G,"Three generations proportion gift"
THE_PROPORTION_OF_A_GENERATION,"The proportion of a generation gift"
HOME_RISK_WARNING,"Home Risk Warning"
ESTIMATED_TOTAL_ASSETS,"Estimated Total assets:"
HIGH_TO_LOW_SALES,"Sales High to Low"
SALES_FROM_LOW_TO_HIGH,"Sales Low to High"
WHITE_PAPER_CHAIN_SWIM_SHARES,"White Paper chain swim shares"
WALLET_ACCUMULATED_BALANCE,"Wallet accumulated balance"
RESET_TABLE_ELEMENTS,"Reset table elements"
RESET_FORM_ELEMENTS,"Reset form elements"
RESET_LIST_ELEMENTS,"Reset list elements"
CONFIGURING_AUTHENTICATION,"Configuring authentication"
SELECT_THE_RECHARGE_AMOUNT,"Select the recharge amount"
CHOOSE_THE_PAYMENT_METHOD,"choose the payment method"
INTO_A_TOTAL_GIFT,"Into a total gift"
TRANSFERRED_TO_THIS_ADDRESS,"Transferred to this address:"
DO_NOT_REPEAT_CLICKS,"Do not repeat clicks"
SET_THE_DEFAULT_FONT,"Set the default font"
SET_THE_AUTHENTICATION_MODE,"Set the authentication mode"
SET_UP_TWOFACTOR_AUTHENTICATIO,"2FA Setup"
CONTACT_TWITTER,Twitter
ONLINE_BANKING_REMITTANCE,"Online banking remittance"
RECHARGE_ONLINE_BANKING_INFORM,"Recharge online banking information"
WEBSITE_USERS_HOLD_OUT,"Website users hold out"
SET_SITE_NAME,"Set site name"
NET_OF_TRANSACTION_NOTIFICATIO,"Net of transaction notification"
TEXT_EDITING_TIPS,"Text editing tips"
EDITING_BACKEND_USERS,"Editing backend users"
EDIT_PAYMENT_METHOD,"Edit payment method"
UNIFIED_WIDTH_FONT,"Unified width font"
THE_CUMULATIVE_NUMBER_OF_TRANS,"Total number of transactions"
RATING_UPGRADE_ORDER,"Rating upgrade order"
NO_ACCESS_REASON,"No Access reason"
SMS_APPLICATION_ADDRESS,"SMS Application Address"
SMS_INTERFACE_NAME,"SMS interface name"
TO_DISPLAY_A_SINGLE_PAGE,"To display a single page"
FINANCIAL_REWARD_CYCLE,"Financial reward cycle"
VERSION_NAME_OF_THE_VERSION_NU,"Version name of the version number"
CLICK_SIGN_UP_NOW,"Sign Up Now"
SIGN_UP_NOW,"Sign Up"
CLICK_HERE_TO_DOWNLOAD,"Download Now"
LEFT_CLICK_STIPPLED,"Left click stippled"
RIGHTCLICK_ON_CLEAR,"Clear on right click"
CLEAR_FLOAT_EFFECT,"Clear Float effect"
CLEAR_INSIDE_AND_OUTSIDE_MARGI,"Clear inside and outside margins"
ADD_PAYMENT_METHODS,"Add payment methods"
REGISTRATION_OPEN_AWARD,"Registration open award"
REGISTRATION_REWARD_CURRENCY,"Registration reward currency"
COMPARED_TO_THE_PREVIOUS_RECOR,"Compared to the previous record"
LUCKY_DRAW_OPPORTUNITIES,"Lucky draw opportunities;"
CHECK_THE_STATE_WALLET,"Check the state wallet"
CHECK_SYSTEM_STATUS,"Check System Status"
THE_LATEST_TRANSACTION_RECORDS,"Latest Transactions"
MORE_INFORMATION_COMMISSION,"View More"
LOAD_PICTURE_SHOW,"Load picture show"
CLEAR_OBLIGATIONS_SPECIFICATIO,"Clear obligations specification"
OLD_PASSWORD,"Old password"
OLD_TRADING_PASSWORD,"Old Fund Password:"
NEW_MOBILE_PHONE_NUMBER,"New mobile phone number:"
TEXT_FORMATTING_ELEMENTS,"Text formatting elements"
COVERING_THE_COMPLETE_FILE,"Covering the complete file"
DIGITAL_ASSETS_TRANSFERRED_OUT,"Digital assets Withdrawal"
DIGITAL_ASSETS_TRANSFERRED,"Digital assets transferred"
DIGITAL_ASSET_INFORMATION,"Digital Asset Information"
DIGITAL_ASSET_NAME,"Digital asset name"
PAYMENT_SUCCESSFUL_RETURN,"Payment successful return"
PAYMENT_FAILS_TO_RETURN,"Payment fails to return"
PROMPT_TEXT_LIST,"Prompt text list"
BANK_ACCOUNT_WITHDRAWALS,"Bank account withdrawals"
STATE_BANK_WITHDRAWALS,"State Bank withdrawals"
WITHDRAW_BANK_BRANCH,"Withdraw bank branch"
WITHDRAW_BANK_CITY,"Withdraw Bank city"
WITHDRAW_CAPTION,"Withdraw caption"
RECOMMENDED_GIFT_CURRENCY,"Recommended gift currency"
RECOMMENDED_GIFT,"Recommended gift"
INDEX_PARAMETER_SETTINGS,"Index parameter settings"
VOTES_NEED_TO_DEDUCT,"Votes need to deduct"
MOBILE_PHONE_AUTHENTICATION_TI,"Mobile phone authentication time"
YOU_ACKNOWLEDGE_THAT_YOU_VOTE,"You acknowledge that you vote"
YOUR_IDENTITY,"Your identity"
YOU_HAVE_UPLOADED,"You have uploaded"
YOU_MUST_BEGIN_WITH_A_LETTER,"You must begin with a letter"
MICROCHANNEL_REMITTANCE,"Wechat Payment"
ICO_IS_NOT_CURRENTLY_,"ICO is not currently available"
OPEN_MASK_CLOSE,"Open mask Close"
ADVERTISING_USER_MANAGEMENT,"Advertising User Management"
CLICK_ON_THE_AD_DETAILS,"Click on the ad details"
MARKET_ASSET_ALLOCATION,"Market Asset Allocation"
MARKET_ACTIVITY_REPORT,"Market activity report"
HIGHLIGHT_THE_MENU_ON_THE_LEFT,"Highlight the menu on the left"
THE_OFFICIAL_CURRENCY_ADDRESS,"The official currency Address"
REWARD_AMOUNT_OFF_THE_ASSEMBLY,"Reward amount off the assembly line"
HEADER_TEXT_MESSAGES,"Header text messages"
FOUNDATION_DOCUMENT_MODEL,"Foundation document model"
LIVE_CHAT_Q__A,"Live Chat Q & A"
TYRANT_CURRENCY_CHAT_ROOM,"Tyrant currency chat room"
PICTURES_CAN_NOT_BE_LOADED,"Pictures can not be loaded"
FOLLOWUP_AND_SO_ON,"Follow-up and so on"
USER_MANAGEMENT_BACKGROUND,"User management background"
SYNTHESIS_OF_EXPENSES_DETAILS,"Synthesis of expenses details"
AVAILABLE_FIAT,"Available USD:"
CANCEL_TWOFACTOR_AUTHENTICATIO,"Cancel two-factor authentication"
SENDING_A_REQUEST_LOTTERY,"Sending a request lottery"
GET_HOME_SELLERS,"Get home sellers"
EXTENDED_DYNAMIC_MENU,"Extended dynamic menu"
CATEGORY_EXPAND_COLLAPSE,"Category Expand Collapse"
SHARE_YOUTUBE,"Share Youtube"
FREEZE_FIAT,"On Order USD:"
GLOBAL_FONT_SIZE,"Global font size"
INSUFFICIENT,"Insufficient "
MIN_ORDER_QTY,"Minimum order qty is "
MAX_ORDER_QTY,"Max order qty is "
INCORRECT_QTY,"Incorrect Qty"
RECHARGE_CAPTION,"Recharge caption"
MODIFY_TRANSACTION_PASSWORD,"Modify Fund Password"
DIGITS_EVERY,"Digits, every"
PRICE_HIGH_TO_LOW,"Price High to Low"
PRICE_LOW_TO_HIGH,"Price Low to High"
TODAY_MONETIZATION,"Today monetization"
TODAY_ALREADY_DRAW,"Today already draw"
THE_TOTAL_ASSETS_OF,"Total USD"
TRADING_TICKER,"Trading ticker"
OPEN_TRADING_CHAT,"Troll Box"
TRANSACTION_PASSWORD_SETTINGS,"Fund Password settings"
GET_ON_HOME_BUYERS,"Get on home buyers"
THE_HIGHEST_POINT_IN_HISTORY,"The highest point in history"
THE_NEXT_INTEREST_RATE_RISE_TI,"The next interest rate rise time"
SITE_NOTICE,"[Site Notice]"
HIGHLIGHT_THE_MAIN_NAVIGATION,"Highlight the main navigation"
HIGHLIGHT_SIDE_NAVIGATION,"Highlight side navigation"
ESSENTIAL_PARAMETERS,"Essential parameters"
TRANSACTION_PASSWORD,"Fund Password"
IN_ORDER_TO_HIDE,"In order to hide"
YOU_CAN_NOT_USE_LOWER,"You can not use lower"
WITHDRAWAL_FEE,"Withdrawal fee"
REFRESH_CODE,"Refresh Code"
PLEASE_ENTER_CONTENT,"Please enter content"
POSITIVE_AND_GREATER_THAN,"Positive and greater than"
NO_DATA_TEMPORARILY,"No data temporarily"
COPY_SUCCESSFUL,"Copy successful!"
PLEASE_ENTER_A_QUANTITY,"Please enter a quantity"
ORDER_NUMBER,"Order #"
DO_NOT_FORGET_ORDER_NUMBER,"Do'nt forget to mention Order# while transferring"
DATABASE_UPGRADE,"Database Upgrade"
RECHARGE_AMOUNT,"Recharge amount"
WALLET_SERVER,"Wallet server"
PLEASE_SELECT_CURRENCY,"Please select currency"
ICO_CURRENCY,ICO:
CONFIRM_PASSWORD,"Confirm password"
ACTUAL_NAME,"Actual name:"
CLICK_TOO_OFTEN,"Click too often"
PAYMENT_AMOUNT,"Payment amount:"
CURRENCY_OF_PAYMENT,"Payment Currency:"
INTEGER_MULTIPLE_WITHDRAWALS,"Integer multiple withdrawals"
RECEIVING_CODES,"Receiving codes"
UPDATE_COMPLETED,"update completed"
MESSAGE_INPUT_BOX,"Message input box"
OUT_OF_COMMISSION,"Withdraw fees:"
ID_NUMBER,"ID number"
REVENUE_RANKINGS,"Revenue rankings"
RECOMMENDED_USERS,"Recommended Users"
AA,Name
THE_OFFICIAL_ACCOUNT,Account:
SECURE_BROWSER,"Secure browser"
IF_IT_DOES_NOT,"If it does not"
ONLINE_CUSTOMER_SERVICE_NUMBER,"Online customer service number"
SELLING_FEES,"Selling fees"
FREE_UPGRADE_TO,"Free upgrade to"
RECHARGE_WAY,"Recharge way:"
USD_RECHARGE,"Add USD"
BUY_FEE,"BUY fee"
BANK_CARD_MANAGEMENT,"Bank Card Management"
PLEASE_ENTER_A_PRICE,"Please enter a price"
TYPE_OF_CERTIFICATE,"Document Type:"
EXPRESSION_BOX,"Expression box"
END_TIME,"End Time:"
CUMULATIVE_SUBSCRIBED,"Total subscribed"
CUMULATIVE_TURNOVER,"Total turnover"
ADMINISTRATOR_MANAGEMENT,"Administrator Management"
LOGIN_PASSWORD,"Login password"
BLANK_DOES_NOT_UPDATE,"Blank does not update"
TEST_NO_MERCHANTS,"Test No. merchants"
EACH_COIN_BONUS,"Each coin bonus"
THE_LATEST_TRANSACTION_PRICE,Price
DATA_IS_LOADED,"Data is loaded"
ALIPAY_BINDING,"Alipay Binding"
TECHNICAL_SCORE,"Technical score:"
YOU_CAN_ALSO,"You can also:"
MICROCHANNEL_PUBLIC_NUMBER,"Micro-channel public number"
STARTING_TIME,"Starting time:"
APP_RATING,"App Rating:"
CURRENCY_NAME,"Currency Name"
THE_AMOUNT_HAS_BEEN_CREDITED_I,"Amount has been credited into account"
MULTIPLE_USERS_,"Multiple Users "
NAME_SYNTHESIS_DETAILS,"Name synthesis details"
AVAILABLE_USD,USD
RELEASE_TIME,Date
TO_THE_FINANCIAL_CENTER,Finance
RATING_OUTLOOK,"Rating outlook:"
RECHARGE_MOBILE,"Recharge Mobile:"
ANY_STRING,"Any string"
CURRENCY_PRICE,"Coin Price"
VERIFY_AND_ENABLE,"Verify and enable"
TOP_BAR_WARNING,"Top bar warning"
DIFFICULTY_ADJUSTMENT,"Difficulty adjustment"
LOCK_SCREEN_PROTECTION,"Lock screen protection"
BANK_CARD_NUMBER,"A/C No"
WALLET_ID,"Wallet Name:"
WALLET_ADDRESS,"Wallet address"
INTRODUCTION_QUANTUM_CHAIN,"Introduction quantum chain"
IMPORTANT_HINT,"important hint:"
RIO_PRESENTATION_CURRENCY,"Rio presentation currency"
TURN_PROCESSED,"Turn processed"
OUT_OF_VIRTUAL_CURRENCY,"Withdrawal of virtual currency"
OUT_QUANTITY,"Withdrawal Quantity:"
OUT_CURRENCY,"Withdrawal Currency:"
OUT_ADDRESS,"Withdrawal Address"
INTO_VIRTUAL_CURRENCY,"Deposit virtual currency"
NUMBER_OF_TRANSFER,"Number of transfer:"
INTO_THE_ADDRESS,"Deposit address:"
AUTHENTICATOR,Authenticator
GAN_PUBLIC_ANBEI,"Gan public ANBEI"
PURCHASE_QUANTITY,"Purchase quantity"
TOTAL_ASSETS_ACCOUNT,Total
BUY_SALE,Type
ACCOUNT_BALANCE,"Account Balance:"
GOOGLE_CHROME,"Google Chrome"
PLEASE_SELECT_PROVINCE,"Please select province"
PLEASE_CHOOSE_THE_CITY,"Please choose the city"
PLEASE_SELECT_A,"Please select a"
PLEASE_INPUT_YOUR_EMAIL,"please input your email"
PLEASE_MODIFY_CAUTIOUS,"Please modify cautious"
PLEASE_WAIT_FOR_REVIEW,"Please wait for review"
PLEASE_BACKSTAGE,"Please backstage"
EVALUATION_STARS,"Evaluation Stars:"
PROOF_WAY,"Proof way"
ACCESSING_PHONE,"Contact Number"
PHONE_NUMBER,Mobile
APPROVAL_PERIOD,Time
CERTIFICATION_NAME,"Certification Name:"
ORDER_TIME,"Order time:"
FIGURE_END_MARKET,"Figure end market"
LITECOIN_INTRODUCTION,"Litecoin Introduction"
ENGLISH_ABBREVIATION,"English abbreviation"
AUTOFILL_PRICE,"Auto-fill price"
CONTACT_NUMBER,"Contact Number"
CONTACT_NAME,"Contact Name:"
TRADING_INVESTIGATION,"Trading investigation"
WEBSITE_KEYWORD,"Website Keyword"
NET_MENTION_CURRENCY_ANNOUNCEM,"Coin announcement"
EDIT_ADMINISTRATOR,"Edit Admin"
MAINTENANCE_YU_BO,"Maintenance: "
BINDING_TIME,"Binding Time:"
BINDING_ALIPAY,"Binding Alipay"
CUMULATIVE_CHARGES,"Cumulative charges"
HAS_SOLD,"Has sold:"
THE_CUMULATIVE_TRADING_VOLUME,"Total trading volume"
ADMINISTRATORS_LIST,"Administrators list"
AFTER_SETTING_LEVEL,"After setting level"
PENDING_REVIEW,"Pending review"
IMMEDIATELY_TO_UPGRADE,"Immediately to upgrade"
SEND_SECONDS_AGAIN,"Send seconds again"
LOGIN_AUTHENTICATION_CODE,"Login authentication code"
AUTHORIZED_USER_GROUP,"Authorized User Group"
DOG_CURRENCY_INTRODUCED,"Dog currency introduced"
SPECIAL_USER_GROUPS,"Special User Groups"
ADDING_CARD,"Adding card"
ADD_ADMINISTRATOR,"Add Admin"
ACTIVITY_TIME,"Activity time:"
ACTIVITIES_PRIZES,"Activities, prizes:"
THE_TOTAL_NUMBER_OF_REGISTERED,"Total Users"
NO_ACCOUNT,"No account?"
NO_TIME_TO_FILL,"Ref ID [If any]"
INVALID_PHONE_FORMAT,"Invalid Mobile Number!"
SYSTEM_IN_DEMO_MODE,"This system is currently in Demo Mode!"
INVALID_USERNAME,"Username format incorrect!"
INVALID_NICKNAME,"Nickname incorrect!"
INVALID_PASSWORD,"Password incorrect!"
INVALID_EMAIL,"Email format incorrect!"
SAVED_SUCCESSFULLY,"Saved successfully!"
COULD_NOT_SAVE,"Could not save the changes!"
INCORRECT_REQ,"Invalid Request!"
INCORRECT_TYPE,"Invalid Type Provided!"
SUCCESSFULLY_DONE,"Successfully Done!"
ADDED_SUCCESSFULLY,"Successfully Added!"
FAILED_TO_ADD,"Failed to add!"
INCORRECT_OLD_PWD,"Incorrect Old Password !"
INCORRECT_NEW_PWD,"Incorrect New Password !"
INVALID_OLD_PWD,"Invalid Old Password !"
INVALID_NEW_PWD,"Invalid New Password !"
LOGIN_PWD_CHANGED,"Login Password Changed"
NO_CHANGES_TO_PWD,"NO Changes were made to password"
YOU_NEED_TO_LOGIN,"Please login"
INVALID_SMS_CODE,"Invalid SMS Code"
INCORRECT_SMS_CODE,"Incorrect SMS Code"
INTRODUCTION_BITS_SHARES,"Introduction bits shares"
BITCOIN_HOUSE,"Bitcoin House"
BILLY_SHARES_INTRODUCTION,"Billy shares Introduction"
ICO_IS_IN,"Sale is on!"
LUCKY_DRAW_CHANCE,"Lucky draw chance"
THE_CORE_ALGORITHM,"The core algorithm"
TAB_NAVIGATION,"Tab navigation"
FIND_ADMINISTRATOR,"Find Admin"
THE_TOTAL_VALUE_OF_A_CERTAIN_C,"The total value of a certain currency"
NOT_BY_REASON,"Not by reason"
SERVER_QUEUE,"Server queue"
MAXIMUM_SELL,"Maximum Sell:"
MAXIMUM_BUY,"Maximum Buy:"
BEST_SELLING_PRICE,"Best Bid:"
BEST_BID,"Best Ask:"
UPDATE_THE_DATABASE,"Update the database"
SHOW_RECORD_NUMBER,"Show record number"
YESTERDAYS_CLOSING_PRICE,"Yesterday's closing price"
DIGITAL_JINJIE_SHAO,"Digital Jinjie Shao"
STATISTICS_PUT_THE_CODE,"Statistics put the code"
ALIPAY_HEADED,"Alipay headed"
ALIPAY_INFORMATION,"Alipay Information"
SOSO_BITCOIN,"Soso Bitcoin"
THE_AMOUNT_OF_WITHDRAWALS_IS,"Amount of withdrawals is"
WITHDRAWAL_AMOUNT,"Withdrawal Amount"
WITHDRAW_ADDRESS,"Withdraw Address"
RELEASE_DATE,"Release date"
SORT_BY,"Sort by:"
DEDUCT_FEES,"Deduct fees"
OWNED_TRADING,"Owned trading"
WHERE_THE_PROVINCES,"Choose Location:"
OR_THE_OUTER_CHAIN,"Or the outer chain)"
I_WAS_SPEAKING_TWO,"My Review"
YOU_ARE_CURRENTLY_AVAILABLE,Balance:
FORGET_PASSWORD,"Forgot password?"
WECHAT_QR_CODE,"Wechat QR code"
ZHANG_CERTIFICATION_PICTURES,"KYC Images"
BANK,Bank
ACCOUNT_PROVINCES,Country:
BRANCH_ACCOUNT,Branch:
ACCOUNT_NAME,"Account Name:"
TOTAL_ADVERTISING_PROFITS,"Total advertising profits"
CURRENCY_PEOPLE_ARE_SAYING,Reviews
HAVE_AN_ACCOUNT,"Have an account?"
THE_ITALIC_RIGHTING,"The italic righting"
IMPORTED_CONTENT,"Imported content"
IMPORT_FORMAT,"Import format:"
IMPORT_DATABASE,"Import Database"
SAFE_AND_SECURE,"Safe and secure"
NOTE_NAME,"Note name:"
BACKUP_DATABASE,"backup database"
ADDRESS_MARK,"Address mark"
REMARK,Remark
CATEGORIES,Categories:
COMMODITY_PRICES,"Commodity prices:"
CYCLE_WITHIN_LIMITS,"Cycle within limits"
START_PAGE_PICTURE,"Start page picture"
CAN_BE_EXTRACTED_AT_ANY_TIME,"Can be extracted at any time"
ONLY_DUE_TO_TAKE,"Only due to take"
FILL_ONLY_NUMBERS,"Fill only numbers"
THE_TOTAL_ISSUED,"Circulating Supply"
KARAT_INTRODUCTION,"Karat Introduction"
SELL_​​RATIO,"Sell ratio:"
NUMBER_SOLD,"Number sold:"
SALE_NUMBER,"Sell QTY:"
SELL_​​PRICE,"Sell Price:"
BLOCK_SPEED,"Block speed"
BLOCK_BONUS,"Block Bonus:"
ANALYTICAL_FUNCTION,"Analytical function"
FREEZE_USD,"In Trading"
BAXI_DIGITAL_NETWORK,"Baxi Digital Network"
YUAN_DEBIT_CARDS,"Yuan, debit cards"
BIT_AND_CONFIRM,"Bit, and confirm"
EXCELLENT_PRESENTATION_CURRENC,"Excellent presentation currency drop"
ON_BEHALF_OF_NOT_WINNING,"On behalf of not winning"
PAYMENT_METHOD,"Payment Method"
PAYMENT_CURRENCY,"Payment Currency:"
CASH_WITHDRAWAL,"USD Withdraw"
TRANSACTION_HOUR,"transaction hour"
BUY_RATIO,"Buy ratio:"
BUY_QUANTITY,"Buy Qty:"
PLEASE_LOGIN,"Please login first!"
BUY_PRICE,"Buy Price:"
KEY_FEATURES,"Key Features"
EXCLUSIVE_INVITATION_CODE,"Exclusive invitation code"
EXCLUSIVE_PROMOTION_OF_LANGUAG,"Exclusive promotion of language"
EXCLUSIVE_ADVERTISING_SLOGAN,"Exclusive advertising slogan"
SHORTCOMINGS,Shortcomings:
DO_NOT_AUTOMATICALLY_SHUT_DOWN,"Do not automatically shut down"
IT_DOES_NOT_SHOW_THE_MASK,"It does not show the mask"
DO_NOT_DISPLAY_PRICES,"Do not display prices"
DOWNLOAD_THE_UPDATE_PACKAGE,"Download the update package"
PULLDOWN_BAR_STYLE,"Pull-down bar style"
ADDED_TIME,"Added time:"
ON_THREE_DIVIDENDS,"On three dividends"
WARNINGS,Warnings
HIGHLIGHT_NAVIGATION,"Highlight navigation"
SUBMIT_FORM,"submit Form"
SEARCH_FUNCTION,"Search function"
ENTER_SEARCH,"Enter search"
TIPS,Tips
MENU_HIGHLIGHTS,"Menu highlights"
VIEW_DESCRIPTION,"View Description"
FINANCIAL_CENTER,"Financial Center"
ADD_TIME,"Add time"
SECURITY_CENTER,"My Account"
ALL_STATES,"All states"
MENU_ON_THE_LEFT,"Menu on the left"
RIGHT_OF_THE_CONTENT,"Right of the content"
SEND_DATA,"Send data"
UPLOAD_ERROR,"Upload error"
NORMAL_STATUS,"normal status"
FROZEN_STATE,"Frozen state"
VERIFIED,Verified
REAL_NAME_CAN_NOT_BE_CHANGE,"Actual Name needs to same as Withdrawal account ,and can not be changed later"
KYC,KYC
SECURITY,Security
INVITE_CODE,"Invite Code"
APPLICATION_CENTER,"Application Center"
PROCESSING,Running
BAZAAR_COMMISSIONED,"Bazaar commissioned"
ACCESS_AUTHORIZATION,"Access authorization"
ICO_RECORD,"ICO record"
ICO_CENTER,"ICO Center"
EDIT_TIME,"Edit time"
MONEY_NAME,"Money Name"
SHIPPING_ADDRESS,"Shipping address"
OPERATING_TIME,"Operating time"
MY_TRADING,"My trading"
ICON_ADDRESS,"Icon Address"
THE_STATION'S_RECORD,"The station's record"
ARTIFICIAL_ARRIVAL,"Artificial arrival"
DO_NOT_FILL,"Do not fill"
ACCOUNT_WITHDRAWALS,"Account Withdrawal"
THANK_YOU_FOR_PARTICIPATION,"Thank you for participation"
ICO_NAME,"ICO name"
AUTO_UPDATE,"auto update"
CONFIRM_THE_ACCOUNT,Account
USER_REGISTRATION,Registration
FINANCIAL_RECORDS,"Financial records"
MEMBERS_OF_THE_AUTHORIZED,"Members of the authorized"
REMARKS_NAME,"Remarks Name"
THE_REMAINING_AMOUNT,"Remaining amount"
SUCCESSFUL_RECHARGE,"Successful recharge"
SECURITY_CODE,"Security Code"
LOG_IN_IMMEDIATELY,"Sign In"
WITHDRAWALS_RECORD,"Withdrawals record"
DIVIDEND_CENTER,"Dividend Center"
MARKET_PLACE,"Market place"
FINANCIAL_SECURITY,"Financial security"
ACCOUNT_FUNDING,"Account Recharge"
LOG_IN,"Sign In"
THAWING_TIMES,"Thawing times"
IMMEDIATE_PAYMENT,"Immediate payment"
MONEY_CURRENCY,"Money currency"
FINANCIAL_PERIOD,"Financial period"
CHECK_THE_WALLET,"Check the wallet"
PROFESSIONAL_SERVICES,"Professional Services"
ACTION_TYPE,"Action Type"
MY_BONUS,"My bonus"
FAST_AND_CONVENIENT,"fast and convenient"
OPENING_TIME,"opening time"
CURRENCY_LIST,"Currency list"
COMMISSIONED_BY_TIME,Time
REWARD_CURRENCY,"Reward currency"
DONGYUEBIGU,Dongyuebigu
CURRENCY_INTEREST,"Currency Interest"
FREE_REGISTRATION,"Sign Up"
CODE_UPGRADES,"Code upgrades"
VERIFY_PHONE,"Verify phone"
HOME_SHOW,"Home show"
MARKET_MARKET,"Market Market"
LINK_TITLE,"Link Title"
LINK_ADDRESS,"link address"
LINK_NAME,"Link Name"
RESET_PASSWORD,"Password Reset"
OUT_RECORD,Withdrawals
INTO_GIFT,"Into gift"
PURCHASE_HISTORY,"Purchase History"
ICO_LIMIT,"ICO limit"
NUMBER_OF_ICO,"Number of ICO"
THE_TOTAL_AMOUNT_OF_SUBSCRIPTI,"Total Supply"
ICO_LIST,"ICO List"
ICO_PRICE,"ICO Price"
APPLE_COMPUTER,"Apple computer"
CONTACT_ADDRESS,"contact address"
BOUND_PHONE,Mobile
MY_LOG,"My Logs"
SYSTEM_RELIABILITY,"System reliability"
PENDING,Pending
SUBSCRIBE_NOW,"Subscribe now"
PROHIBIT_TRANSFER,"Prohibit transfer"
BANKING_CENTERS,"Banking Centers"
CURRENT_MODE,"Current mode"
REGISTER_ACCOUNT,"Sign Up"
NORMAL_TRANSFER,"Normal transfer"
THE_NEW_CURRENCY_VOTE,Vote
TIP_LOGO,"Tip logo"
TIP_POSITION,"Tip position"
MY_PROPERTY,"My Balances"
DIVIDEND_START,"Dividend start"
OPEN_TRADING,"Open trading"
THE_BOTTOM_OF_THE_DISPLAY,"The bottom of the display"
SUBSCRIBED,Issued:
MILLET_BRACELET,"Millet bracelet"
HOUR_ONLINE,"Hour online"
OFFICIAL_ANNOUNCEMENT,Announcement
DELEGATED_ADMINISTRATION,Orders
HUAWEI_CELL_PHONE,"Huawei cell phone"
AMOUNT_ARRIVAL,"Amount arrival"
DIVIDEND_CURRENCY,"Dividend currency"
DIVIDEND_NAME,"Dividend Name"
RECHARGE_TIME,"Recharge time"
CHANGE_PASSWORD,"Change Password"
COMMISSION_AMOUNT,"Commission Amount"
COMMISSION_RATE,"Commission rate"
RISK_WARNING,
DOWNLOAD_WALLET,"Download wallet"
INVITE_FRIENDS,"Affiliate Program"
TRANSFER_TIME,"Transfer time"
THE_NUMBER_OF_TRANSFER,"The number of transfer"
INTO_SUCCESS,"Deposit success"
TYPES_OF_FEE,"types of fee"
VOLUME_COST,"Volume Cost"
ACCOUNT_PREVIEW,Account
PREPAID_RECHARGE,"Prepaid recharge"
ICO_TIME,"ICO time"
THAW_INTERVAL,"Thaw interval"
FORM_SUBMISSION,"Form submission"
TYPE_TITLE,"Type Title"
ADD_IT_NOW,"Add it now"
BACKUP_NOW,"Backup Now"
RECHARGE_IMMEDIATELY,"Recharge immediately"
CONFIRM_ARRIVAL,"Confirm arrival"
LOG_IN_LOG,Logs
USERNAME,Username
THE_TOTAL_AMOUNT_OF_FINANCING,"The total amount of financing"
CLICK_SWITCH,"Click Switch"
SOURCE_DOWNLOAD,"Source download"
CURRENCY_INTEREST_RATE_RISE,"Currency interest rate rise"
PRINCIPAL_CURRENCY,"Principal currency"
UPDATED,updated
REPLACEMENT_BINDINGS,"Change Mobile"
ARTICLE_TYPE,"Article Type"
ARTICLE_TITLE,"Article Title"
OPERATING_AMOUNT,"Operating Amount"
TEXT_TIPS,"Text Tips"
WITHDRAW_TIME,"Withdraw Time"
PROMOTION_OF_PEOPLE,"Promotion of people"
PROMOTION_LIST,"Promotion list"
FOR_ANOTHER_ONE,"For another one?"
MY_ICO,"My ICO"
MY_RECOMMENDATION,"My Referrals"
MY_PROMOTION,"My promotion"
MY_REWARD,"My reward"
TRANSACTION_QUERY,Transaction
TRANSACTION_TIME,"Transaction time"
THE_NUMBER_OF_TRANSACTIONS,"The number of transactions"
ACCOUNT_BRANCH,"Account Branch"
AD_IMAGE,"Ad Image"
ANNUALIZED_INTEREST_RATES,"Annualized interest rates"
HELP,Help
IT_HAS_BEEN_PROCESSED,"It has been processed"
FINANCING_AMOUNT_HAS_BEEN,"Financing amount has been"
EXPORT_SELECTED,"Export selected"
THE_ACTUAL_ARRIVAL,"Sent Quantity"
RECURRENCE_PATTERN,"Recurrence pattern"
THE_NUMBER_OF_COMMISSIONED,"Fee Applicable"
IF_SUPPORT,"If support"
INCENTIVE_PAYMENTS,"Incentive payments"
BONUS_SYSTEM,"bonus system"
BONUS_TIME,"Bonus time"
BONUS,Bonus
REWARD_NAME,"Reward name"
PROCESSING_TIME,"Processing time"
BASIC_CONFIGURATION,"basic configuration"
LINKS,Links
DIVIDEND_RECORD,"Dividend Record"
ON_BEHALF_OF_THE_RECOMMENDED,"On behalf of the Recommended"
QUOTES_TODAY,"Quotes Today"
TRANSACTION_TYPE,"Transaction Type"
CURRENCY_TRADING,"Currency Trading"
TRADING_CENTER,Trading
BUY_NUMBER,"BUY number"
LAST_THAW,"Last thaw"
MARKET_PRICE,"Market Price"
LOCK_SCREEN_BREAK,"Lock screen break"
WALLET_VERSION,"Wallet version"
WALLET_LOGO,"Wallet logo"
WALLET_TAG,"Wallet tag"
WALLET_DETAILS,"Wallet Details"
THE_TOTAL_WALLET,"The total wallet"
WALLET_NAME,"Wallet name"
WALLET_INFORMATION,"Wallet information"
WALLET_BALANCE,"Wallet Balance"
AMOUNT_LIST,"Amount List"
BY_CERTIFICATION,"By certification"
CHOOSE_BANK,"Choose bank"
CHOOSE_A_CURRENCY,"Choose a currency"
ENTER_PASSWORD,"enter password"
OUT_DESCRIPTION,"Out Description"
AUTOMATIC_ROLLOUT,"Automatic Withdrawal"
OUT_OF_STATE,"Out of state"
OUT_OF_THE_NUMBER_OF,Quantity
TRANSFER_INSTRUCTIONS,"Transfer instructions"
INTO_THE_STATE,"Deposit state"
CURRENCY_TRANSFER,"Currency transfer"
FUNDS_OUT,"Funds out"
PURCHASE_CONFIRMATION,"Purchase Confirmation"
PROPERTY_STATISTICS,"Property statistics"
ADDRESS,Address
DETAILS,Details
ICO_MANAGEMENT,"ICO Management"
TOTAL_PRICE_OF_ICO,"Total price of ICO"
DECOMMISSIONING,Decommissioning
LIST_OF_TABLES,"List of Tables"
INDUSTRY_NEWS,"Industry News"
EDIT_ARTICLE,"Edit Article"
EDIT_AD,"Edit ad"
EDIT_ADDRESS,"Edit Address"
SYSTEM_MESSAGE,"system message"
TYPE_ID,"Type Id"
LIST_MANAGEMENT,"List Management"
GRADE_REQUIREMENTS,"Grade requirements"
THE_TOTAL_STATION,"The total station"
SITE_ADDRESS,"Site Address"
STATIONS_IN_BALANCE,"Stations in balance"
BUY_NOW,"Buy now"
MONEY_NOW,"Money Now"
PROHIBITED_WITHDRAW,"Prohibited turn out"
PROHIBIT_GIFT,"Prohibit gift"
PROHIBITED_TRANSACTION,"Prohibited transaction"
CONFIRMATION_NUMBER,"Confirmation number"
CONFIRM_DELETE,"confirm delete"
REQUESTS_FOR_CHANGES,"Request for changes"
USERS_WALLET,"Users wallet"
USER_MANAGEMENT,"User Management"
USERS_HOLD_OUT,"Users hold out"
MONEY_AMOUNT,"Money Amount"
FINANCIAL_MODEL,"Financial model"
CLICK_TO_DOWNLOAD,"click to download"
CLICK_TO_CHANGE,"Click to change"
EMPTY_ADDRESS,"Empty address"
ADDING_WALLET,"Adding wallet"
ADD_ARTICLE,"Add Article"
ADD_AD,"Add ad"
ADD_ADDRESS,"Add Address"
FLOATING_NAVIGATION,"Floating navigation"
REGISTRATION_TIME,"Registration time"
NO_DATA,"No data"
EACH_BONUS,"Each bonus"
THIS_BID_IS,"This bid is"
NORMAL_ROLLOUT,"Normal Withdrawal"
FORMAT_EXAMPLES,"Format Examples"
SECTION_NAME,"Section name"
MINIMUM_AMOUNT,"minimum amount"
THE_MINIMUM_RECHARGE,"The minimum recharge"
THE_MINIMUM_PRICE,"Minimum price"
GREATEST_AMOUNT,"Greatest amount"
THE_MAXIMUM_RECHARGE,"Maximum recharge"
THE_MAXIMUM_PRICE,"Maximum price"
LAST_LOGIN,"Last Login"
ARE_WINNING,"Are Winning"
SINA_WEIBO,"Sina Weibo"
ARTICLE_MANAGER,"Article Manager"
ARTICLE_CONTENT,"Article Content"
DATA_SIZE,"Data size"
DATASHEETS,Datasheets
THE_NUMBER_OF_OPERATIONS,"The number of operations"
TIPS_CONTENT,"Tips content"
WITHDRAW_CONFIGURATION,"Withdraw Configuration"
WITHDRAW_SUCCESS,"Withdraw success"
SUBMIT_CHAT,"Submit Chat"
PROMOTION_MANAGEMENT,"Promotion Management"
KEY_INTERFACE,"Key Interface"
INTERFACE_NAME,"Interface name"
RANK_AUTHORIZATION,"Rank authorization"
HOLD_PERCENTAGE,"Hold percentage"
NUMBER_HOSTING,"Number hosting"
HOSTING_PRICES,"Hosting prices"
FEE,Fee:
ALL_ACCOUNTS,"All accounts"
MY_ASSETS,"My assets"
I_HOLD_OUT,Holdings
I_PRIZE,"My Bonuses"
MICROCHANNEL_GROUP_NUMBER,"Wechat Group"
CURRENT_RATES,"Current rates"
OPENING_PROVINCES,"Opening provinces"
CITIES_ACCOUNT,"Cities account"
OPENING_ADDRESS,"Opening address"
OPEN_GIFT,"Open gift"
ADVERTISING_LINKS,"Advertising Links"
ADVERTISING_MANAGEMENT,"Advertising management"
COMMERCIAL_TIME,"commercial time"
AD_NAME,"Ad Name"
AD_CONTENT,"Ad content"
MARKET_NAME,"Market Name"
CURRENCY_TYPE,"Currency type"
CURRENCY_MANAGEMENT,"Currency Management"
THE_AMOUNT_SUBSCRIBED,"Amount subscribed"
NAVIGATION_MANAGEMENT,"Navigation Management"
OFFICIAL_ACCOUNTS,"Official accounts"
OFFICIAL_FORUMS,"Official Forums"
THE_OFFICIAL_MINING,"Official mining"
SAFETY_CERTIFICATE,"safety certificate"
HOW_TO_INVITE,"How to invite"
IMAGE_LINK,"image link"
IMAGE_TITLE,"Image Title"
PICTURE_NAME,"Picture Name"
SYNTHESIS_OF_NAME,"Synthesis of name"
PARTNER,Partner
AVAILABLE_BALANCE,"Available Balance"
OF_THE_TOTAL_ISSUED,"Of the total issued"
PARAMETER_ERROR,"Parameter error"
FOR_UPGRADE,"For upgrade"
BLOCK_AWARD,"Block award"
LOADING_PROGRESS,"Loading progress"
THE_REMAINING_FREEZE,"Remaining freeze"
THE_NUMBER_OF_ARRIVAL,"Number of arrival"
CREATED,Created
THE_NUMBER_OF_DIVIDEND,"Number of dividend"
THE_TOTAL_DIVIDEND,"Total dividend"
OTHER_CONFIGURATIONS,"Other configurations"
ALL_CURRENCIES,"All Currencies"
SELECT_NODE,"Select node"
THE_TOTAL_SITEWIDE,"Total site-wide"
PREPAID_ORDERS,"Prepaid orders"
DEPOSIT_METHODS,"Deposit methods"
PREPAID_CELL_PHONE,"Prepaid cell phone"
MEMBER_GROUP_NUMBER,"Member group number"
PRICE_TRENDS,"Price trends"
USD,USD
TRANSACTION_RATE,"Transaction Rate"
TRADING_PLATFORM,"Trading Platform"
FRONTEND_TITLE,"Frontend Title"
INADEQUATE,Inadequate
PREVIOUS_MENU,"Previous menu"
THE_DEFAULT_RATING,"The default rating"
ORDER_BOOK,All
DEFAULT_MARKET,"Default Market"
DEFAULT_CURRENCY,"Default currency"
ADVANCED_SEARCH,"Advanced Search"
PROJECT_PICTURES,"Project Pictures"
TOP_MENU,"Top Menu"
TOP_CLASSIFICATION,"Parent Category"
PAGE_SETTINGS,Settings
NEED_TO_REVIEW,"Need to review"
RECORD_MART,"Record Mart"
MARKET_TRADING,"Market Trading"
QUEUE_INFORMATION,"Queue Information"
CONFIGURING_CURRENCY,"Configuring currency"
CONFIGURATION,Configuration
CONFIGURATION_LIST,"Configuration list"
THE_NUMBER_OF_INVITED,"The number of invited"
ENCOUNTER_PROBLEMS,"Encounter problems"
OPTIONS,options
SELECT_IMAGE,"Select Image"
ADAPT_TO_CHINESE,"Adapt to Chinese"
DELIVERY_ADDRESS,"delivery address"
EXIT_BACKGROUND,"Exit background"
CONNECT_TITLE,"Connect title"
CONNECTION_NAME,"Connection name"
BACK_TO,"Back to"
WAY_TO_RETURN,"Way to return"
BACK_TO_LIST,"Back to list"
CURRENCY_TRANSFER_GUIDE,"Currency transfer guide"
TRANSFER_PROCESS,"Transfer process"
ROLLOUT_COSTS,"Withdraw fees"
OUT_OF_TIME,"Withdrawl Time"
THE_SUCCESSFUL_ROLLOUT,"Successful Withdrawal"
TRANSFER_OR_GIFT,"Transfer or gift"
PRICE_LIMIT,"Price limit"
BUY_TIME,"Buy Time"
BUY_GOODS,"Buy goods"
FINANCIAL_CONFIGURATION,"Financial Configuration"
FINANCIAL_DETAILS,"Financial details"
PROPERTY_MANAGEMENT,"Property management"
PROPERTY_LIST,"Property List"
ERROR_IS_GREATER_THAN,"Error is greater than"
DETAILED_RECORD,"detailed record"
SPECIFICATION,Specification
HE_COMMENTED,"He commented"
SETTING_SUCCESS,"Setting Success"
SETTING_AWARDS,"Setting awards"
RECORD_LIST,"Record List"
REMEMBER_ME,"remember me"
ICO_INSTRUCTIONS,"ICO instructions"
THE_TOTAL_ICO,"Total ICO"
ICO_PERIOD,"ICO period"
INTRODUCTION_TO_SUBSCRIBE,"About ICO"
ORDER_DETAILS,"Order details"
THAWED,Thawed
TABLE_ELEMENT,"Table element"
FORM_ELEMENTS,"Form elements"
MARKET_TREND,"Market trend"
MENU_MANAGER,"Menu Manager"
SORT_MENU,"Sort menu"
SYMBOL_AB,Symbol
AUTOMATIC_LANDING,"Automatic landing"
CONTACT_US,"Contact us"
CHAT_MODE,"Chat mode"
CHAT_LIST,"Chat list"
ONLINE_BANKING_ACCOUNT,"Online banking account"
ONLINE_BANKING_HEADED,"Online banking headed"
ONLINE_BANKING_INFORMATION,"Online banking information"
SITE_STATUS,"Site Status"
WEBSITE_TITLE,"Website title"
WEBSITE_BOTTOM,"Website bottom"
SITE_NAME,"Site Name"
EDIT_LINK,"Edit Link"
EDIT_WALLET,"Edit wallet"
EDIT_PROPERTY,"Edit property"
EDIT_ICO,"Edit ICO"
EDIT_USER,"Edit User"
MONEY_EDITOR,"Money editor"
EDIT_SECTION,"Edit section"
EDIT_PERMISSIONS,"Edit Permissions"
EDIT_LOG,"Edit Log"
EDIT_TEXT,"Edit Text"
EDITING_MARKET,"Editing Market"
EDIT_CURRENCY,"Edit currency"
EDIT_NAVIGATION,"Edit navigation"
WRONG_NUMBER,"Wrong number"
STATISTICAL_CURRENCY,"Statistical currency"
STATISTICAL_CODE,"Statistical code"
STRUCTURAL_ELEMENTS,"Structural elements"
TIME_LINE,"Time line"
FIG_LINE_RATIO,"FIG line ratio"
TRADITIONAL_CHINESE,Chinese
CUMULATIVE_PROFIT,"Total profit"
THE_CUMULATIVE_NUMBER_OF,"Total number of"
THE_CUMULATIVE_GAIN,"Total gain"
SYSTEM_SETTINGS,"System Settings"
OPERATORS_FORCE_CONTRACT,"Operators force contract"
SIMPLIFIED_CHINESE,"Simplified Chinese"
LEVEL_CONFIGURATION,"Level configuration"
THE_HIGHER_THE_LEVEL,"The higher the level"
LEVEL_MANAGEMENT,"Level Management"
LEVEL_NAME,"Level Name"
WAITING_FOR_CERTIFICATION,"Waiting for certification"
IMMEDIATELY_WITHDRAW,"Withdraw Now"
MINIMUM_ICO_REQUIRED,"Minimum ICO Purchase required is "
MAX_ICO_ALLOWED,"maximum ICO Purchase allowed is "
IMMEDIATELY_TRANSFERRED,"Mark as deposited"
CERTIFIED_IMMEDIATELY,"Complete KYC"
APPLY_IMMEDIATELY,"apply immediately"
SYNTHESIS_IMMEDIATELY,"Synthesis immediately"
NO_ACCESS,"No Access"
BAN_CHAT,"Ban chat"
CONFIRM_WITHDRAW,"Confirm withdraw"
CONFIRM_ICO,"Confirm ICO"
CONFIRMATION_OF_RECEIPT,"Confirmation of receipt"
DEVELOPERS,Developers
SMS_CONFIGURATION,"SMS Configuration"
MULTIPLES,"Multiple of"
APPLICATION_TIME,"application time"
USER_DETAILS,"User Details"
USER_PASSWORD,"user password"
USER_CENTER,"User Center"
GENERATION_TIME,"Generation time"
NO_MONEY,"No Money"
MONEY_MANAGEMENT,"Money Management"
MONEY_PROPORTION,"Money proportion"
MONEY_TIME,"Money time"
THE_NUMBER_OF_FINANCIAL,"The number of financial"
MONEY_LIST,"Money List"
IPS,IPS
ALL_RIGHTS_RESERVED,"all rights reserved"
HOT_TOPIC,"hot topic"
THE_NUMBER_OF_CLICKS,"The number of clicks"
CLICK_LOG,"Click Log"
CLICK_THE_PLUS_GROUP,"Click the plus group"
CLICK_TO_CLOSE,"Click to close"
CLEAR_CACHE,"clear cache"
CLEAR_THE_CACHE,"Clear the cache"
ADD_A_LINK,"Add a link"
ADD_ICO,"Add ICO"
ADD_USER,"Add user"
ADD_MONEY,"Add Money"
ADD_PLATE,"Add plate"
ADD_PERMISSIONS,"Add Permissions"
ADD_LOG,"Add Log"
ADD_TEXT,"Add text"
ADD_MARKETS,"Add markets"
ADD_CURRENCY,"Add currency"
ADD_NAVIGATION,"Add navigation"
LIMIT_INCREASE,"Limit increase"
FLOATING_SETTINGS,"Floating settings"
TEST_ENVIRONMENT,"test environment"
REGISTRATION_GUIDE,"Registration Guide"
REGISTRATION_AGREEMENT,"Registration Agreement"
LEGAL_DESCRIPTION,"Legal Description"
BIT_ERA,"Bit era"
DAILY_INTEREST,"Daily interest"
FORMAL_ENVIRONMENT,"Formal environment"
NORMAL_BALANCE,"Normal balance"
CONTINENTAL_CROWDFUNDING,"Continental Crowdfunding"
VIEW_DETAILS,"View details"
SEE_DETAILS,"See details"
PLATE_PICTURES,"Plate Pictures"
PLATE_ICON,"Plate icon"
SECTION_CONTENT,"Section content"
PLATE_PRESENTATION,"Plate presentation"
THIS_PAGE,"This page."
FUTURE_VERSIONS,"Future versions"
LATEST_PRICE,"latest price"
RELEASE_NOTES,"Release Notes"
UPDATE_LOG,"Update Log"
DISPLAY_AMOUNT,"Display amount"
DISPLAY_MARKET,"Display market"
SHOW_TITLE,"Show Title"
SHOW_NAME,"show name"
WHETHER_TO_HIDE,"Whether to hide"
WHETHER_CERTIFICATION,KYC
WHETHER,Whether
WHETHER_TO_RECOMMEND,"Whether to recommend"
LOGGING,Logging
UNABLE_TO_RIGHTING,"Unable to righting"
ITS_ADVERTISING,"Its advertising"
BEGINNER'S_GUIDE,"Beginner's guide"
NEW_PASSWORD,"New password"
THE_TOTAL_NUMBER_OF_ARTICLES,"The total number of articles"
ARTICLE_CATEGORIES,"Article Categories"
FILE_PATH,"file path"
DATA_RESTORE,"Data Restore"
DATA_TABLE,"Data table"
DATA_BACKUP,"data backup"
DIGITAL_ASSETS,Coin
INSTRUCTIONS,Instructions
CURRENCY_OPERATIONS,"Currency operations"
ACTION_REMARK,"Action Remark"
ACTION_ADDRESS,"Action Address"
AFTER_THE_OPERATION,"After the operation"
BEFORE_OPERATION,"Before Operation"
TIP_MARK,"Tip mark"
BANK_WITHDRAWALS,"Bank withdrawals"
WITHDRAW_TIPS,"Withdraw tips"
REMOVE_AHEAD,"Remove ahead"
SUBMIT_COMMENTS,Review
SUBMITTED_ADDRESS,"Submitted address"
RECOMMENDED_ITEMS,"Staff Pick"
PROMOTION_REBATE,"Promotion rebate"
RECEIVING_ADDRESS,"Receiving address"
INTERFACE_LOGO,"Interface logo"
BUTTON_CONTROL,"Button control"
DESIGNATED_PRIZE,"Designated prize"
CAREERS,Careers
VOTING_TIPS,"Voting Tips"
TECHNICAL_SPECIFICATIONS,"Technical Specifications"
BATCH_IMPORT,"Batch Import"
MOBILE_ACCESS,"Mobile Access"
PHONE,Phone
OWN_GROUPS,"Own groups"
I_WANT_TO_SUBSCRIBE,"I want to subscribe"
I_WANT_TO_ENTRUST,"I want to entrust"
MY_DELEGATION,"My Pending Orders"
I_HAVE_MONEY,"I have Paid"
GROWING_SUCCESS,"Growing success"
TRANSACTION_RECORD,"Transaction Record"
DEAL_PRICE,"Deal price"
TOTAL_BALANCE,"Total Balance"
TOTAL_FEE,"Total fee"
MICROSOFT_ELEGANT_BLACK,"Microsoft elegant black"
CURRENT_VERSION,"current version"
PICTURES,Pictures!
CHECK_NOW,"Check Now"
START_BACKUP,"Start Backup"
OPEN_CHAT,"Open chat"
OPEN_REWARD,"Open reward"
DEVELOPER,Developer
APPLICATION_MODULE,"Application Module"
SHOULD_AID_CENTER,"Should aid center"
AD_LIMIT,"Ad limit"
AD_TITLE,"Ad Title"
ADS_LIST,"Ads List"
LUCKY_LIST,"Lucky List"
PLATFORM_OVERVIEW,"Platform Overview"
PLATFORM_INTRODUCTION,"Platform Introduction"
MOST_USED_LINK,"Most used link"
MARKET_STATISTICS,"Market Statistics"
THE_CURRENCY_ALLOCATION,"The currency allocation"
CURRENCY_COMMENTS,"Currency Comments"
CURRENCY_STATISTICS,"Currency statistics"
CURRENCY_INTRODUCTION,"Currency Introduction"
TRANSACTION_VOLUME,"Transaction volume"
HOUR_HOTLINE,"Hour hotline"
DECIMAL_PLACES,"Decimal places"
EXPORT_ALL,"Export all"
CUSTOMER_SERVICE_CONFIGURATION,"Customer Service Configuration"
CUSTOMER_SERVICE_HOTLINE,"Customer Service Hotline"
CUSTOMER_SERVICE_CODE,"Customer Service Code"
OFFICIAL_WEBSITE,"Official website"
OFFICIAL_MICRO_LETTER,"Official micro letter"
MEDIA_REPORTS,"Media reports"
COMMISSIONED_FREEZE,"Commissioned freeze"
ORDER_PRICE,"Order price"
PRIZE_SETTINGS,"prize settings"
PRIZES_NAME,"Prizes Name"
DESCRIPTION_AWARDS,"Description awards"
REWARD_TYPE,"Reward type"
STATE_AWARD,"State award"
HEAD_END,"Head end"
HEADLINE_PROJECT,"Headline project"
BACKUP_STATUS,"Backup Status"
BACKUP_TIME,"Backup time"
BACKUP_NAME,"Backup name"
PROCESSING_STATUS,"Processing status"
MA_SET,"MA Set"
ADDRESS_REMARKS,"Address Remarks"
ONLINE_PAYMENT,"Online Payment"
ONLINE_CONSULTATION,"Online Consultation"
SIZE_OF_THE_PICTURE,"Size of image"
BUSINESS_CERTIFICATE,"Business Certificate"
COMMODITY_PRICE,"Commodity price"
LIMIT_CYCLE,"Limit cycle"
CYCLE_INTEREST,"Cycle interest"
BACKGROUND_MENU,"Background Menu"
BACKEND_SYSTEM,"Backend system"
SYNTHETICS,Synthetics
SYNTHETICALLY,Synthetically
SYNTHETIC_CURRENCY,"Synthetic currency"
SYNTHESIS_CYCLE,"Synthesis cycle"
LOOK_TO_SELL,Selling
LOOK_TO_BUY,Buying
CANCEL_THE_ICO,"Cancel the ICO"
DECERTIFICATION,Decertification
ISSUE_PRICE,"Issue price"
ABNORMAL,abnormal
TWOFACTOR_AUTHENTICATION,"Two-factor authentication"
HISTORIC_VERSION,"historic version"
SELLER_CURRENCY,"Seller currency"
MINIMUM_SINGLE,"Minimum Single"
SINGLE_LARGEST,"Single largest"
ESCALATION_RULES,"Escalation rules"
EXCESS_INVENTORY,"Excess Inventory"
HOME_FRONT,"Home Front"
THE_AMOUNT_OF_INTEREST,"The amount of interest"
INTEREST_RECORD,"Interest Record"
LIST_ELEMENTS,"List elements"
FREEZE_BALANCE,"Freeze Balance"
ABC,ABC
MAKE_PERSISTENT_EFFORTS,"make persistent efforts"
COMPATIBLE_WITH_FIREFOX,"Compatible with Firefox"
FIG_OFF_LINE,"FIG off line"
CLOSE_INDICATORS,"Close Indicators"
CLOSE_REWARD,"Close reward"
CLOSE_MA,"Close MA"
RECHARGE_CONFIGURATION,"Recharge Configuration"
RECHARGE_RECORD,"Recharge record"
TOP_TIPS,"Top tips"
RECHARGE_GUIDE,"Recharge Guide"
RECHARGE_REVIEW,"Recharge review"
MEMBERSHIP_LEVEL,"Membership Level"
MEMBER_LOGIN,"Sign In"
MEMBER_LIST,"Users list"
CODE_SECTION,"Code section"
PAYMENT_RATIO,"Payment ratio"
NUMBER_OF_PAYMENTS,"Number of Payments"
PAYMENT_SUCCESSFUL,"Payment successful"
PEOPLE_VOTE,Votes
TRADING_CHAT,"Trading Chat"
TRADING_RECOMMENDATIONS,"Trading Recommendations"
TRADING_GUIDE,"Trading Guide"
TWO_AT_HOME,"Two at home"
BUYER_CURRENCY,"Buyer currency"
THEME_TEMPLATE,Theme
WINNING_MANAGEMENT,"Winning Management"
WINNING_PRIZES,"Winning prizes"
STRICTLY_FOLLOW,"strictly follow"
EXCLUSIVE_LINKS,"Exclusive Links"
DO_NOT_OPERATE,"Do not operate"
WITHOUT_REVIEW,"Without review"
HERE_ARE_THE_TOP,"Here are the top"
THE_NEXT_INTEREST,"The next interest"
UNDER_NO_EFFECT,"Under no effect"
UNDER_THE_TYPE_OF_HOME,Type
ONLINE_CURRENCY,"On-line currency"
MARKET_SHELVES,"Market shelves"
ADDED_CURRENCY,"Added currency"
UPPER_CLASSIFICATION,"Parent Category"
UPLOAD_SUCCESSFUL,"Upload successful"
UPLOAD_IMAGE,"Upload image"
THREE_AT_HOME,"Three at home"
BEGINNERS_GUIDE,"Beginners guide"
ONE_UNDER_THE_HOUSE,"Level 1"
RENMINBI,Renminbi
CONTENT_AREA,"Content Area"
REVOKED,Revoked
DEFAULT,Default
COMPLETED,Completed
TOTAL_AMOUNT,"Total amount"
TO_TRADE,Trade
DO_NOT_SHOW,"Do not show"
BECAUSE," Because"
VISITING_THE_MARKET,"Visiting the market"
UNPAID,Unpaid
VOLUME,Volume
UNTREATED,Untreated
IN_TRANSACTION,"In transaction"
THE_NEXT_STEP,"Next step"
USER_GROUP,"User group"
TYRANT_CURRENCY,"Tyrant currency"
YUAN_IN_CASH,"In Cash"
DEFAULTS,Defaults
SHOPPING_MALL,"Shopping Mall"
ID_CARD,"ID card"
DRIVERS_LICENSE,"Drivers License"
UTILITY_BILL,"Utility Bill"
SOCIAL_SECURITY,"Social Security"
OTHERS,Others
TELEPHONE_AND,"Telephone and"
BITCOIN,Bitcoin
NOT_CERTIFIED,"Not certified"
FEES,Fees
TOTAL,Total
TOTAL_COMMISSION,"Total Commission"
REMITTANCE,Remittance
IT_HAS_WITHDRAWALS,"It has withdrawals"
IT_HAS_BEEN_CREDITED_INTO_ACCOUNT,"It has been credited into account"
SUB_NAVIGATION,"Sub navigation"
MOVING_SAID_COINS,"Moving said coins"
THAWING,Thawing
LITECOIN,Litecoin
REMIND_YOU,Note
TURNOVER,Turnover
DEAL_DONE,"Deal done"
PROCESSED,Processed
PASSWORD,Password
SELL_A_PRICE,Sell
SELL_RATIO,"Sell Ratio"
SELL_PRICE,"Sell Price"
MINUTE_LINE," min"
COMPATIBILITY,compatibility
BUY_A_PRICE,Buy
VERIFICATION_CODE,"Verification code"
CHAIN_TOUR_STOCKS,"Chain tour stocks"
COIN_WALLET,"Coin wallet"
CAROUSEL_FIGURE,"Carousel Figure"
SUPER_PRAISE,"Super praise"
ANTS_CURRENCY,"Ants currency"
CHATROOM,TrollBox
BULLSH_,"Bullsh *"
RISE_IN_INTEREST_RATES,"Rise in interest rates"
THE_FIRST_INSPECTION,"The first inspection"
TOTAL_ASSETS,"Total assets"
THE_TOTAL_AMOUNT,"Total amount"
TOTAL_BLOCK,"Total block"
NET_LONG_CURRENCY,"Net long currency"
ALREADY_APPLIED,"Already applied"
TURNED_ON,"Turned on"
ALREADY_TRANSFER_MONEY,"Already transfer money"
HOUR_LINE," hr"
TOO_MODERATE,"Too moderate"
DECEMBER,December
NOVEMBER,November
LOADING,Loading
THE_FIRST_DIVIDEND,"The first dividend"
REPAIR_TABLES,"Repair Tables"
TABLE_OPTIMIZATION,"Table Optimization"
USERS,Users
AND_GREATER_THAN,"And greater than"
SPLIT,Split
PREHEATING,Upcoming
HAZE_CURRENCY,"Haze currency"
MONROE_CURRENCY,"Monroe currency"
GOLDEN_KEY,"Golden Key"
RIO_CURRENCY,"Rio currency"
MAILBOX,Email
STILL_NEED,"still need"
OF_WORLD_CURRENCY,"Of world currency"
GIFT,Gift
IN_FAVOR_OF,"In favor of"
ACCOUNTS,Accounts
ACCOUNT_NUMBER,"account number"
DOUBAN,Douban
PLEASE_CHOOSE,"Please choose"
FIGURE_QUOTES,"Figure Quotes"
OBTAIN[,Obtain[
ENGLISH,English
HOLIDAYS,Holidays
CUSTOM_PAGE,"Custom Page"
SMALL_WEBSITE,"Small website"
ABBREVIATION,abbreviation
BEFORE_LANDING,"Before landing"
DOG_CURRENCY,"Dog currency"
FEATURES,Features
ENTHUSIAST,Enthusiast
BROWSER,Browser
BIT_HELP,"Bit help"
NORMALIZATION,Normalization
FIND,Find
DID_NOT_PASS,"Did not pass"
UNBOUND,Unbound
NOT_LOGGED,"Not Logged"
INACTIVATED,inactivated
NOT_BACKED_UP,"Not backed up"
UNFILLED,Unfilled
NO_ARRIVAL,"No arrival"
NOT_WINNING,"Not winning"
NOT_UPLOADED,"Not uploaded"
HIGHEST_PRICE,"Highest Price"
LOWEST,Lowest
REGULAR_VERSION,"Regular version"
TIME_ALLOWED_NEXT,"Time allowed Next"
DAY_CHANGE,"Day Change"
BORDERLESS,Borderless
NO_PRIZES,"No prizes"
NEW_INTERFACE,"New Interface"
THE_AMOUNT_OF_DATA,"The amount of data"
DIGITAL_GOLD,"Digital gold"
ALIPAY,Alipay
DIG_CURRENCY_NET,"Dig currency net"
FINAL_PRICE,"final price"
TOTAL_SALES,"Total sales"
TOTAL_SCORE,"Total Score"
APPLICATION_CHAIN,"Application Chain"
ANNUAL_INTEREST,"Annual interest"
HAT_SHARES,"Hat shares"
PASCAL,Pascal
CURRENCY_LONGSHARE,"Currency long-share"
PASSED,Passed
RUNNING,Running
ENDED,Ended
UPCOMING,Upcoming
OVER,Ended
BOUND,Bound
SHIPPED,Shipped
CLOSED,closed
WE_HAVE_BEEN_WINNING,"We have been winning"
UPLOADED,uploaded
WORKING_DAY,"Working day"
IT_MEANS,"It means"
EXPORT_TABLE,"Export Table"
ANDREWS,"Andrews,"
STOCK,Stock
CASE_NUMBER,"case number"
ENTER_KEY,"Enter key"
BUSINESS_NUMBER,"business number"
AFTER_REFRESH,"Refreshing in "
ONLY_SUPPORTS,"Only supports"
PUBLISHER,publisher
AGAINST,Against
KARAT,Karat
LOAD_LAYER,"Load layer"
SHARE_TO,"share to"
MILITARY_OFFICER,"Military officer"
COUNTDOWN,Countdown
INFORMATION,information
AS_FOLLOWED,"as followed"
EXCELLENT_DROP_COINS,"Excellent drop coins"
ETHERNET_SQUARE,"Ethernet Square"
ETHEREUM,Ethereum
BILLION_DOLLARS,"Billion dollars"
TRADING_VOLUME,"Trading volume"
TRADING_RANGE,"Trading Range"
QR_CODE,"QR code"
PRIMARY_NAVIGATION,"Primary Navigation"
IN_SEARCH,"In search"
CONFIRMATION,Confirmation
PROFESSIONAL_EDITION,"Professional Edition"
DO_NOT_NEED,"Do not need"
NOT_SUPPORTED,"Not supported"
NOT_RECOMMENDED,"Not recommended"
MONTH,Month
STATUS,Status
HOME,Home
OPERATING,Action
AVAILABLE,Available
DISABLE,Disable
EXCEPT,except
EDIT,Edit
FREEZE,Order
FORGET,Forgot
SELL,Sell
NORMAL,Normal
SEQUENCE,Sequence
DELETE,Delete
BUY,Buy
OBJECTS,Objects
CREATE,create
UNDO,Undo
CARRY_OUT,Completed
ABOUT,About
REVIEW,Review
SHUT_DOWN,Close
TIME,Time
CURRENCIES,Currencies
UNIT_PRICE,"Unit Price"
MORE,More
DISPLAY,Display
QUANTITY,Quantity
USE,Use
RECHARGE,Recharge
SUCCESS,Success
LUMP_SUM,Total
PRICE,Price
RECOMMEND,Recommend
ENABLE,Enable
CONTENT,Content
COMPLETE,All
STORAGE,Storage
TYPES_OF,Types
AN_EXAMINATION,"An examination"
HOUR,hour
CANCEL,Cancel
NEW,New
PUSH_BUTTON,"Push button"
FILL_IN,"Fill in"
NAME,Name
IMPORTANT,Important
DETAIL,Detail
CONTACT,Contact
REGISTERED,Registered
TITLE,Title
NICKNAME,nickname
DESCRIPTION,description
IMAGE,image
ICON,icon
NAME_AWARD,"Name Award"
DROP_OUT,"Log out"
LOG_OUT,"Log out"
INTO,Into
DEPOSIT,Deposit
UNBUNDLING,Remove
SYSTEM,System
MANAGEMENT,Management
DETERMINE,Confirm
CHANGE,Change
PROPORTION,Ratio
DATE,Date
THE_WAY,"the way"
INCOME,income
EXPENDITURE,expenditure
SIZE,size
OFFICIAL,official
COPY,Copy
MINUTE,minute
DOWNLOAD,download
LINK,link
MONEY,Money
REWRITE,Rewrite
SIDEBAR,Sidebar
WITHDRAW,Withdraw
ACCOUNT,Account
THAW,thaw
POLYMERIZATION,polymerization
GROUP,group
SPACE,space
CONFIRM,confirm
CLEAR_UP,"Clear up"
NOTE,Note
ORDER,Order
ACCORDING_TO,"according to"
LABEL,Label
PLATE,Plate
NOT_IN,"Not in"
DIVISION,Division
CHARGES,Charges
SUMMARY,Summary
SUBMIT,Submit
CURRENT,current
MARKET,market
ALREADY_IN,"Already in"
LEFT,left
DEAL_WITH,"deal with"
MA,MA
APRIL,April
SEND,Send
SINGLE_LINE,"Single line"
OCTOBER,October
SWITCH,Switch
PACKET,Packet
CLASSIFICATION,Category
JUNE,June
AUGUST,August
FREE,FREE
TRANSACTION,transaction
MAY,May
FEBRUARY,February
II,II
SEPTEMBER,September
MARCH,March
THREE_GENERATIONS,"Three generations"
JULY,July
JANUARY,January
GENERATION,Generation
HEIGHT,Height
STYLE,style
PROJECT,project
TOP,Top
NEED,need
HIDE,hide
LOCK_SCREEN,"Lock screen"
WALLET,Wallet
RESET,Reset
SELECT,Select
REDUCTION,Reduction
RETURN,Return
FRAME,Frame
TURNTABLE,Turntable
APPROVAL,Approval
ASSETS,Assets
RATES,Rates
FINANCIAL_AFFAIRS,"Financial affairs"
EXPLANATION,Explanation
LANGUAGE,Language
DETAILED,detailed
SCORE,Score
EVALUATION,Evaluation
FORUM,forum
FOR_NON,"For non"
RULE,rule
FORMS,Forms
RANGE,Range
FROM_THE_SALE,"From the sale"
FROM_BUYING,"From buying"
WEBSITE,website
NUMBERING,Numbering
LEVEL,level
EQUAL,equal
DRAWING_A_LINE,"Drawing a line"
POINT,Point
FIRE_CURRENCY,"Fire currency"
ACTIVATION,activation
MANCANG,Mancang
ADD_TO,"Add to"
INCREASE,increase
SEEK,Seek
COMPETENCE,Competence
ORDINARY,ordinary
DAILY,Day
MINING,Mining
HOLD_OUT,"Hold out"
PASSPORT,Passport
CONVERT,Convert
FOLD,fold
CONGRATULATION,Congratulation
IN_SHORT,"In short"
OPEN,Open
APPLICATION,Application
NO,No.
EQUALITY,Equality
TOOL,Tools
EXPANSION,Expansion
SMALL_COINS,"Small coins"
LESS_THAN,"Less than"
LOGARITHM,Logarithm
WIDTH_HEIGHT,"Width Height"
WIDTH,Width
REGULARLY,Regularly
TIMES_NEW_ROMAN,"Times New Roman"
INSTALLATION,Installation
SAFETY,Safety
MEMORY,Memory
AWARDS,Awards
PRIZE,Prize
REWARD,Reward
CITY,City
ONLINE,Online
IN,in
CYCLE,cycle
SUNDAY,Sunday
THURSDAY,Thursday
ON_SATURDAY,"on Saturday"
FRIDAY,Friday
ON_TUESDAY,"on Tuesday"
ON_WEDNESDAY,"on Wednesday"
ON_MONDAY,"on Monday"
WRITABLE,Writable
OPPOSITION,Opposition
UNINSTALL,Uninstall
VOLUMES,Volumes
SELLERS,Sellers
REFRESH,Refresh
ARRIVAL,Arrival
PAGING,Paging
ERROR,Error
OTHER,other
FULL_SITE,"Full Site"
BUY_ALL,"Buy all"
ACCOUNTED_FOR,"Accounted for"
CONVENIENT,Convenient
MEMBER,member
CROWDFUNDING,Crowdfunding
AS_WELL_AS,"as well as"
INTRODUCTION,Introduction
NUMBER_OF_PEOPLE,"Number of people"
TO_UNDERSTANDING,About
BUYERS,Buyers
CHINESE,Chinese
NEXT_IS,"Next is"
UPPER_LAYER,"upper layer"
SUPPORT_HEAD_ACCORDING_TO_THE_DOCUMENT_HOLDING_GOODS,"Support head according to the document holding goods"
ACCORDING_TO_THE_STATE_FIVE_MINISTRIES,"According to the State five ministries"
NOT_YET,"not yet"
ANY_NUMBER,"Any number"
MORE_PEOPLE,"More people"
USERS_EXCHANGE,"Users exchange"
SUMMARY_GRAPH,"summary graph"
INTEREST,Interest
POSITIVE_CHUN,"Positive Chun"
COMPOUND,Compound
TIMES,Times
SET,set
WHICH_IS,"which is"
RECORD,record
PURCHASE,purchase
ADD,add
PLUS,plus
RUN,Run
SHIFT,shift
CARE,Care
OR,or
CROSS,cross
KEY,key
INTRODUCE,Introduce
SEARCH,Search
SECONDARY,Secondary
REAR,Rear
NUMBER,number
ENTER,Enter
ONE,one
GRAPH,Graph
TRADE,Trade
EXCHANGE,Exchange
SIGN_UP,"Sign Up"
FINANCE,Finance
"Unable to send SMS Code, Retry in sometime","Unable to send SMS Code, Retry in sometime"
BALANCE,Balance
"THE TRANSACTION PRICE EXCEEDS A PRICE LIMIT TODAY!","The transaction price exceeds a price limit today!"
YOUR_WITHDRAWAL_MESSAGE,"Your Withdrawal Message "
YOUR_RECHARGE_MESSAGE,"Your Recharge Message"
"Least sale bid suggested:","Least sale bid suggested: "
User,Account
Vote,Vote
ICO,ICO
Store,Shop
News,Blog
SIGNUP,Signup
SIGNIN,Login
Launchpad,Launchpad
Health,Health
24H_CHANGES,"24 Hours Changes"
"THE NUMBER OF TRANSACTIONS IS MALFORMED","Please Specify Correct Quantity"
"THE TRANSACTION PRICE IS MALFORMED","Please Specify Correct Price"
CUSTOMER_SUPPORT,"Customer Support"
PENDING_NEEDS_CONFIRMATION,"[Pending] Confirmations required:"
COINNAME,Coinname
AMOUNT,Amount
"SYSTEM HEALTH","System Health"
VERIFY_EMAIL,"Email Verify"
"SEND VIA EMAIL","Send Via Email"
